id,bank,addr,n,japanese,korean
q_10B774,10,B774,1,(marks), 
q_10AE08,10,AE08,5,ホシション,포지션
q_10AE12,10,AE12,2,(marks), 
q_10B148,10,B148,6,ハッティンク,타격
q_10B154,10,B154,6,(marks), 
q_10B1EA,10,B1EA,5,ヒッチンク,피칭
q_10B1F4,10,B1F4,5,(marks), 
q_10B25A,10,B25A,3,しゅひ,수비
q_10B260,10,B260,3,(marks), 
q_10B2DA,10,B2DA,3,か_た,어깨
q_10B31E,10,B31E,3,あ_し,다리
q_10B35E,10,B35E,5,こんしょう,근성
q_10B368,10,B368,3,(marks), 
q_10B394,10,B394,7,そうひアイテム,장비 아이템
q_10B3A2,10,B3A2,3,(marks), 
q_10B724,10,B724,3,け_か,부상
q_10B72A,10,B72A,3,(marks), 
q_10B7B4,10,B7B4,1,<F7>,
q_10B7B6,10,B7B6,1,<F7>,
q_10AE54,10,AE54,8,オールマイティー,올마이티
q_10AE66,10,AE66,1,(marks), 
q_10AE6A,10,AE6A,11,ヒッチャーはまもれない,투수 불가
q_10AE82,10,AE82,1,(marks), 
q_10AE86,10,AE86,12,キャッチャーはまもれない,포수 불가
q_10AEA0,10,AEA0,1,(marks), 
q_10AEBC,10,AEBC,1,(marks), 
q_10AEC0,10,AEC0,10,セカントはまもれない,2루수 불가
q_10AED6,10,AED6,4,(marks), 
q_10AEE0,10,AEE0,9,サートはまもれない,3루수 불가
q_10AEF4,10,AEF4,3,(marks), 
q_10AEFC,10,AEFC,10,ショートはまもれない,유격수 불가
q_10AF12,10,AF12,1,(marks), 
q_10AF16,10,AF16,9,レフトはまもれない,좌익수 불가
q_10AF2A,10,AF2A,1,(marks), 
q_10AF2E,10,AF2E,10,センターはまもれない,중견수 불가
q_10AF44,10,AF44,1,(marks), 
q_10AF48,10,AF48,9,ライトはまもれない,우익수 불가
q_10AF5C,10,AF5C,1,(marks), 
q_10AF60,10,AF60,10,ヒッチャーはまもれる,투수 가능
q_10AF76,10,AF76,1,(marks), 
q_10AF7A,10,AF7A,11,キャッチャーはまもれる,포수 가능
q_10AF92,10,AF92,1,(marks), 
q_10AF96,10,AF96,10,ファーストはまもれる,1루수 가능
q_10AFAC,10,AFAC,1,(marks), 
q_10AFB0,10,AFB0,9,セカントはまもれる,2루수 가능
q_10AFC4,10,AFC4,4,(marks), 
q_10AFCE,10,AFCE,8,サートはまもれる,3루수 가능
q_10AFE0,10,AFE0,3,(marks), 
q_10AFE8,10,AFE8,9,ショートはまもれる,유격수 가능
q_10AFFC,10,AFFC,1,(marks), 
q_10B000,10,B000,8,レフトはまもれる,좌익수 가능
q_10B012,10,B012,1,(marks), 
q_10B016,10,B016,9,センターはまもれる,중견수 가능
q_10B02A,10,B02A,1,(marks), 
q_10B02E,10,B02E,8,ライトはまもれる,우익수 가능
q_10B040,10,B040,1,(marks), 
q_10B044,10,B044,7,ないやかとくい,내야 특기
q_10B054,10,B054,4,(marks), 
q_10B05E,10,B05E,7,かいやかとくい,외야 특기
q_10B06E,10,B06E,4,(marks), 
q_10B078,10,B078,8,おもにヒッチャー,주로 투수
q_10B094,10,B094,9,おもにキャッチャー,주로 포수
q_10B0A8,10,B0A8,1,(marks), 
q_10B0AC,10,B0AC,8,おもにファースト,주로 1루수
q_10B0BE,10,B0BE,1,(marks), 
q_10B0C2,10,B0C2,7,おもにセカント,주로 2루수
q_10B0D2,10,B0D2,7,(marks), 
q_10B0E2,10,B0E2,6,おもにサート,주로 3루수
q_10B0F0,10,B0F0,6,(marks), 
q_10B0FE,10,B0FE,7,おもにショート,주로 유격수
q_10B10E,10,B10E,1,(marks), 
q_10B112,10,B112,6,おもにレフト,주로 좌익수
q_10B120,10,B120,1,(marks), 
q_10B124,10,B124,7,おもにセンター,주로 중견수
q_10B134,10,B134,1,(marks), 
q_10B1CE,10,B1CE,1,(marks), 
q_10B1D2,10,B1D2,3,ふつう,보통
q_10B1DA,10,B1DA,1,(marks), 
q_10B1DE,10,B1DE,4,よくない,나쁨
q_10B1E8,10,B1E8,1,(marks), 
q_10B208,10,B208,6,エースクラス,에이스급
q_10B216,10,B216,1,(marks), 
q_10B21A,10,B21A,7,リリーフクラス,구원급
q_10B22A,10,B22A,1,(marks), 
q_10B22E,10,B22E,7,そこそここなす,그럭저럭
q_10B23E,10,B23E,1,(marks), 
q_10B242,10,B242,7,とくいてはない,서투름
q_10B252,10,B252,4,(marks), 
q_10B274,10,B274,4,ハツクン,발군
q_10B27E,10,B27E,3,(marks), 
q_10B286,10,B286,4,そこそこ,그럭저럭
q_10B290,10,B290,1,(marks), 
q_10B294,10,B294,6,コロかうまい,땅볼 능숙
q_10B2A2,10,B2A2,3,(marks), 
q_10B2AA,10,B2AA,7,フライかうまい,뜬공 능숙
q_10B2BA,10,B2BA,4,(marks), 
q_10B2C4,10,B2C4,3,ふつう,보통
q_10B2CC,10,B2CC,1,(marks), 
q_10B2D0,10,B2D0,3,へ_た,서툼
q_10B2D8,10,B2D8,1,(marks), 
q_10B2EA,10,B2EA,5,きょうけん,강견
q_10B2F6,10,B2F6,1,(marks), 
q_10B2FA,10,B2FA,4,まあまあ,그럭저럭
q_10B304,10,B304,1,(marks), 
q_10B308,10,B308,3,ふつう,보통
q_10B310,10,B310,1,(marks), 
q_10B314,10,B314,3,わるい,나쁨
q_10B31C,10,B31C,1,(marks), 
q_10B32E,10,B32E,3,はやい,빠름
q_10B336,10,B336,1,(marks), 
q_10B33A,10,B33A,4,まあまあ,그럭저럭
q_10B344,10,B344,1,(marks), 
q_10B348,10,B348,3,ふつう,보통
q_10B350,10,B350,1,(marks), 
q_10B354,10,B354,3,おそい,느림
q_10B35C,10,B35C,1,(marks), 
q_10B376,10,B376,2,ある,있음
q_10B37C,10,B37C,1,(marks), 
q_10B380,10,B380,3,ふつう,보통
q_10B388,10,B388,1,(marks), 
q_10B38C,10,B38C,2,ない,없음
q_10B392,10,B392,1,(marks), 
q_10B3EC,10,B3EC,2,なし,없음
q_10B3F2,10,B3F2,1,(marks), 
q_10B3F6,10,B3F6,7,ユキタのハット,유키타의 배트
q_10B406,10,B406,5,(marks), 
q_10B412,10,B412,7,エクスカリハー,엑스칼리버
q_10B422,10,B422,6,(marks), 
q_10B430,10,B430,6,ミートくん5,미트군5
q_10B43E,10,B43E,1,(marks), 
q_10B442,10,B442,7,ミートくん10,미트군10
q_10B452,10,B452,1,(marks), 
q_10B456,10,B456,8,ナイスハントくん,나이스번트군
q_10B468,10,B468,4,(marks), 
q_10B472,10,B472,7,かみさまのつえ,신의 지팡이
q_10B482,10,B482,1,(marks), 
q_10B486,10,B486,7,ミラクルロット,미라클 로드
q_10B496,10,B496,7,(marks), 
q_10B4A6,10,B4A6,7,チャンスロット,찬스 로드
q_10B4B6,10,B4B6,7,(marks), 
q_10B4C6,10,B4C6,8,ストレートキラー,스트레이트 킬러
q_10B4D8,10,B4D8,1,(marks), 
q_10B4DC,10,B4DC,7,えとっこハット,에도코 배트
q_10B4EC,10,B4EC,5,(marks), 
q_10B4F8,10,B4F8,7,よいこのクラフ,착한 글러브
q_10B508,10,B508,7,(marks), 
q_10B518,10,B518,6,コットハント,갓 핸드
q_10B526,10,B526,6,(marks), 
q_10B534,10,B534,6,オーラクラフ,오라 글러브
q_10B542,10,B542,6,(marks), 
q_10B550,10,B550,7,ハトルクローフ,배틀 글러브
q_10B560,10,B560,7,(marks), 
q_10B570,10,B570,8,シャストフィット,저스트 핏
q_10B582,10,B582,1,(marks), 
q_10B586,10,B586,7,オールラウント,올라운드
q_10B596,10,B596,7,(marks), 
q_10B5A6,10,B5A6,8,ヒッチャークラフ,투수 글러브
q_10B5B8,10,B5B8,8,(marks), 
q_10B5CA,10,B5CA,4,PQU1,PQU1
q_10B5D4,10,B5D4,1,(marks), 
q_10B5D8,10,B5D8,4,PQU2,PQU2
q_10B5E2,10,B5E2,1,(marks), 
q_10B5E6,10,B5E6,3,サスケ,사스케
q_10B5EE,10,B5EE,1,(marks), 
q_10B5F2,10,B5F2,3,ハヤテ,하야테
q_10B5FA,10,B5FA,1,(marks), 
q_10B5FE,10,B5FE,7,オーラシュース,오라 슈즈
q_10B60E,10,B60E,7,(marks), 
q_10B61E,10,B61E,7,ハトルシュース,배틀 슈즈
q_10B62E,10,B62E,7,(marks), 
q_10B63E,10,B63E,8,りきのゆうしょう,리키의 우정
q_10B650,10,B650,6,(marks), 
q_10B65E,10,B65E,7,きんきんセット,긴긴 제트
q_10B66E,10,B66E,5,(marks), 
q_10B67A,10,B67A,8,ファイトはつらつ,파이트 발랄
q_10B68C,10,B68C,1,(marks), 
q_10B690,10,B690,6,ミナケンキー,모두건강
q_10B69E,10,B69E,3,(marks), 
q_10B6A6,10,B6A6,6,いやらしほん,야한 책
q_10B6C0,10,B6C0,8,のーかっとのほん,노컷 책
q_10B6D2,10,B6D2,1,(marks), 
q_10B6D6,10,B6D6,8,キューキューはこ,구급상자
q_10B6E8,10,B6E8,7,(marks), 
q_10B6F8,10,B6F8,8,あんしんおまもり,안심 부적
q_10B70A,10,B70A,1,(marks), 
q_10B70E,10,B70E,6,コットハワー,갓 파워
q_10B71C,10,B71C,4,(marks), 
q_10B73C,10,B73C,2,なし,없음
q_10B742,10,B742,1,(marks), 
q_10B746,10,B746,2,あし,다리
q_10B74C,10,B74C,1,(marks), 
q_10B750,10,B750,2,うて,팔
q_10B756,10,B756,2,(marks), 
q_10B75C,10,B75C,3,からた,몸
q_10B764,10,B764,3,(marks), 
q_10B76C,10,B76C,2,かた,어깨
q_10B772,10,B772,1,(marks), 
q_10B138,10,B138,6,おもにライト,주로 우익수
q_10B146,10,B146,1,(marks), 
q_10B16E,10,B16E,10,クリーンナッフレヘル,클린업급
q_10B184,10,B184,9,(marks), 
q_10B198,10,B198,6,ハワーはある,파워 있음
q_10B1A6,10,B1A6,1,(marks), 
q_10B1AA,10,B1AA,7,ハントはうまい,번트 능숙
q_10B1BA,10,B1BA,1,(marks), 
q_10B1BE,10,B1BE,7,あてるのうまい,맞히기 능숙
q_02CC8E,02,CC8E,9,ピッチャー(1),투수(1)
q_02CBDA,02,CBDA,9,(marks), 
q_02CCA0,02,CCA0,9,キャッチャー(2),포수(2)
q_02CBEC,02,CBEC,9,(marks), 
q_02CCB2,02,CCB2,9,ファースト(3),1루수(3)
q_02CBFE,02,CBFE,9,(marks), 
q_02CCC4,02,CCC4,9,セカンド(4),2루수(4)
q_02CC10,02,CC10,9,(marks), 
q_02CCD6,02,CCD6,9,サード(5),3루수(5)
q_02CC22,02,CC22,9,(marks), 
q_02CCE8,02,CCE8,9,ショート(6),유격수(6)
q_02CC34,02,CC34,9,(marks), 
q_02CCFA,02,CCFA,9,レフト(7),좌익수(7)
q_02CC46,02,CC46,9,(marks), 
q_02CD0C,02,CD0C,9,センター(8),중견수(8)
q_02CC58,02,CC58,9,(marks), 
q_02CD1E,02,CD1E,9,ライト(9),우익수(9)
q_02CC6A,02,CC6A,9,(marks), 
q_02C2AA,02,C2AA,3,やめる,취소
q_02C2B0,02,C2B0,4,けってい,결정
q_02A4E7,02,A4E7,10, やめる  けってい, 취소  결정
q_02E747,02,E747,8,(marks), 
q_02E757,02,E757,8,ももその_さとみ,모모조노 사토미
q_02E767,02,E767,7,(marks), 
q_02E775,02,E775,7,にしの_たまえ,니시노 타마에
q_02E783,02,E783,8,(marks), 
q_02E793,02,E793,8,きりしま_ゆうこ,키리시마 유코
q_02E7A3,02,E7A3,8,(marks), 
q_02E7B3,02,E7B3,8,はなしま_えりこ,하나시마 에리코
q_02E7C3,02,E7C3,7,(marks), 
q_02E7D1,02,E7D1,7,くらさわ_るみ,쿠라사와 루미
q_02E7DF,02,E7DF,8,(marks), 
q_02E7EF,02,E7EF,8,あいはら_しすか,아이하라 시즈카
q_02E7FF,02,E7FF,7,(marks), 
q_02E80D,02,E80D,7,おかしま_まり,오카지마 마리
q_02E81B,02,E81B,7,(marks), 
q_02E829,02,E829,7,みすはら_あい,미즈하라 아이
q_02E837,02,E837,8,(marks), 
q_02E847,02,E847,8,くるみさわ_ゆか,쿠루미자와 유카
q_02E857,02,E857,8,(marks), 
q_02E867,02,E867,8,もりした_マリア,모리시타 마리아
q_02E877,02,E877,7,(marks), 
q_02E885,02,E885,7,やまくち_みき,야마구치 미키
q_02E893,02,E893,9,(marks), 
q_02E8A5,02,E8A5,9,きりかくれ_あおい,키리가쿠레 아오이
q_02E8B7,02,E8B7,10,(marks), 
q_02E8CB,02,E8CB,10,タウニィ_スフレイク,타우니 스프레이그
q_10ED2F,10,ED2F,11,ホタンをおしてくたさい,버튼을 눌러 주세요
