id,table,offset,length,japanese,korean
surname_000,surname,030358,5,すがた,
surname_001,surname,03035D,7,いちじょう,
surname_002,surname,030364,4,ななせ,
surname_003,surname,030368,6,たちばな,
surname_004,surname,03036E,4,あかい,
surname_005,surname,030372,6,かげたに,
surname_006,surname,030378,6,とどろき,
surname_007,surname,03037E,7,かざまつり,
surname_008,surname,030385,5,はまさき,
surname_009,surname,03038A,5,たかみね,
surname_010,surname,03038F,5,もりもと,
surname_011,surname,030394,4,さえき,
surname_012,surname,030398,7,みどりむら,
surname_013,surname,03039F,4,にった,
surname_014,surname,0303A3,4,くにお,
surname_015,surname,0303A7,7,際際(0F),
surname_016,surname,0303AE,5,さおとめ,
surname_017,surname,0303B3,4,よしの,
surname_018,surname,0303B7,4,わしお,
surname_019,surname,0303BB,3,りき,
surname_020,surname,0303BE,5,まえだ,
surname_021,surname,0303C3,5,いしやま,
surname_022,surname,0303C8,4,くらた,
surname_023,surname,0303CC,5,しみず,
surname_024,surname,0303D1,5,みたむら,
surname_025,surname,0303D6,6,こんどう,
surname_026,surname,0303DC,4,あらい,
surname_027,surname,0303E0,4,ごう,
surname_028,surname,0303E4,5,なかむら,
surname_029,surname,0303E9,4,しらい,
surname_030,surname,0303ED,7,際際(1E),
surname_031,surname,0303F4,7,際際(1F),
surname_032,surname,0303FB,4,だて,
surname_033,surname,0303FF,5,しのはら,
surname_034,surname,030404,5,おおしま,
surname_035,surname,030409,5,むらさき,
surname_036,surname,03040E,7,つじどう,
surname_037,surname,030415,5,なかにし,
surname_038,surname,03041A,6,ごうだ,
surname_039,surname,030420,7,わかばやし,
surname_040,surname,030427,3,ほし,
surname_041,surname,03042A,5,たけだ,
surname_042,surname,03042F,5,もりわき,
surname_043,surname,030434,6,あまのかわ,
surname_044,surname,03043A,6,なかじま,
surname_045,surname,030440,7,おがさわら,
surname_046,surname,030447,4,なみき,
surname_047,surname,03044B,7,際際(2F),
surname_048,surname,030452,4,あおた,
surname_049,surname,030456,6,かじもと,
surname_050,surname,03045C,5,のぐち,
surname_051,surname,030461,5,おぐま,
surname_052,surname,030466,5,かんぬき,
surname_053,surname,03046B,5,おおおか,
surname_054,surname,030470,8,こぶちざわ,
surname_055,surname,030478,4,さくら,
surname_056,surname,03047C,5,はなだ,
surname_057,surname,030481,6,かざおか,
surname_058,surname,030487,5,こだち,
surname_059,surname,03048C,3,すや,
surname_060,surname,03048F,7,際際(3C),
surname_061,surname,030496,7,際際(3D),
surname_062,surname,03049D,7,際際(3E),
surname_063,surname,0304A4,7,際際(3F),
surname_064,surname,0304AB,5,おうじ,
surname_065,surname,0304B0,5,みたらい,
surname_066,surname,0304B5,6,さわぐち,
surname_067,surname,0304BB,5,にしむら,
surname_068,surname,0304C0,6,けんどう,
surname_069,surname,0304C6,5,せんたに,
surname_070,surname,0304CB,5,たけうち,
surname_071,surname,0304D0,5,なんば,
surname_072,surname,0304D5,4,かど,
surname_073,surname,0304D9,5,ねだち,
surname_074,surname,0304DE,5,せきかわ,
surname_075,surname,0304E3,7,際際(4B),
surname_076,surname,0304EA,7,際際(4C),
surname_077,surname,0304F1,7,際際(4D),
surname_078,surname,0304F8,7,際際(4E),
surname_079,surname,0304FF,7,際際(4F),
surname_080,surname,030506,6,もちづき,
surname_081,surname,03050C,5,はやさか,
surname_082,surname,030511,6,こばやし,
surname_083,surname,030517,6,りゅういち,
surname_084,surname,03051D,6,りゅうじ,
surname_085,surname,030523,6,おにづか,
surname_086,surname,030529,5,きのした,
surname_087,surname,03052E,4,たいら,
surname_088,surname,030532,5,おとなし,
surname_089,surname,030537,5,ごとう,
surname_090,surname,03053C,5,くにたち,
surname_091,surname,030541,7,際際(5B),
surname_092,surname,030548,7,際際(5C),
surname_093,surname,03054F,7,際際(5D),
surname_094,surname,030556,7,際際(5E),
surname_095,surname,03055D,7,際際(5F),
surname_096,surname,030564,5,こうだ,
surname_097,surname,030569,6,さんぼう,
surname_098,surname,03056F,5,すみよし,
surname_099,surname,030574,6,おおぐろ,
surname_100,surname,03057A,5,かみやま,
surname_101,surname,03057F,5,つるかめ,
surname_102,surname,030584,4,かみや,
surname_103,surname,030588,5,あいだ,
surname_104,surname,03058D,5,うめみや,
surname_105,surname,030592,5,たけした,
surname_106,surname,030597,5,まつおか,
surname_107,surname,03059C,7,際際(6B),
surname_108,surname,0305A3,7,際際(6C),
surname_109,surname,0305AA,7,際際(6D),
surname_110,surname,0305B1,7,際際(6E),
surname_111,surname,0305B8,7,際際(6F),
surname_112,surname,0305BF,4,いわき,
surname_113,surname,0305C3,5,とのやま,
surname_114,surname,0305C8,5,やまおか,
surname_115,surname,0305CD,5,やまだ,
surname_116,surname,0305D2,5,いしげ,
surname_117,surname,0305D7,4,たこた,
surname_118,surname,0305DB,5,かみしま,
surname_119,surname,0305E0,4,きだ,
surname_120,surname,0305E4,5,さとなか,
surname_121,surname,0305E9,5,なぎさ,
surname_122,surname,0305EE,5,たかしろ,
surname_123,surname,0305F3,7,際際(7B),
surname_124,surname,0305FA,7,際際(7C),
surname_125,surname,030601,7,際際(7D),
surname_126,surname,030608,7,際際(7E),
surname_127,surname,03060F,7,際際(7F),
surname_128,surname,030616,3,にし,
surname_129,surname,030619,4,せのお,
surname_130,surname,03061D,6,やぶない,
surname_131,surname,030623,5,やざわ,
surname_132,surname,030628,5,つるぎ,
surname_133,surname,03062D,4,マイク,
surname_134,surname,030631,4,しゅう,
surname_135,surname,030635,4,もりた,
surname_136,surname,030639,4,むらた,
surname_137,surname,03063D,7,際際(89),
surname_138,surname,030644,7,際際(8A),
surname_139,surname,03064B,7,際際(8B),
surname_140,surname,030652,7,際際(8C),
surname_141,surname,030659,7,際際(8D),
surname_142,surname,030660,7,際際(8E),
surname_143,surname,030667,7,際際(8F),
surname_144,surname,03066E,5,やぶき,
surname_145,surname,030673,3,キム,
surname_146,surname,030676,6,はせがわ,
surname_147,surname,03067C,4,よいち,
surname_148,surname,030680,6,まゆづき,
surname_149,surname,030686,5,さわむら,
surname_150,surname,03068B,4,うんの,
surname_151,surname,03068F,7,いずみやま,
surname_152,surname,030696,7,ながぶち,
surname_153,surname,03069D,4,そらち,
surname_154,surname,0306A1,8,だいもんじ,
surname_155,surname,0306A9,5,よこやま,
surname_156,surname,0306AE,4,なかつ,
surname_157,surname,0306B2,7,際際(9E),
surname_158,surname,0306B9,7,際際(9F),
surname_159,surname,0306C0,7,際際(9F),
surname_160,surname,0306C7,5,おおつか,
surname_161,surname,0306CC,3,やら,
surname_162,surname,0306CF,4,よこお,
surname_163,surname,0306D3,6,ごだい,
surname_164,surname,0306D9,4,ほくと,
surname_165,surname,0306DD,5,とよだ,
surname_166,surname,0306E2,5,よしだ,
surname_167,surname,0306E7,6,ひゅうが,
surname_168,surname,0306ED,4,みさわ,
surname_169,surname,0306F1,5,さかもと,
surname_170,surname,0306F6,7,際際(AB),
surname_171,surname,0306FD,7,際際(AC),
surname_172,surname,030704,7,際際(AD),
surname_173,surname,03070B,7,際際(AE),
surname_174,surname,030712,7,際際(AF),
surname_175,surname,030719,7,際際(AF),
surname_176,surname,030720,6,もちづき,
surname_177,surname,030726,6,にのくるわ,
surname_178,surname,03072C,5,やまもと,
surname_179,surname,030731,6,いがさき,
surname_180,surname,030737,4,きど,
surname_181,surname,03073B,5,さなだ,
surname_182,surname,030740,4,たらお,
surname_183,surname,030744,5,こうやま,
surname_184,surname,030749,4,みくも,
surname_185,surname,03074D,4,つげ,
surname_186,surname,030751,4,さだ,
surname_187,surname,030755,3,せき,
surname_188,surname,030758,7,際際(BD),
surname_189,surname,03075F,7,際際(BE),
surname_190,surname,030766,7,際際(BF),
surname_191,surname,03076D,7,際際(BF),
surname_192,surname,030774,5,クリート,
surname_193,surname,030779,5,オビー,
surname_194,surname,03077E,7,ゴードン,
surname_195,surname,030785,6,ブレット,
surname_196,surname,03078B,7,ゴーファー,
surname_197,surname,030792,4,ランス,
surname_198,surname,030796,6,フラッシュ,
surname_199,surname,03079C,5,ライアン,
surname_200,surname,0307A1,5,テューク,
surname_201,surname,0307A6,5,ヒーター,
surname_202,surname,0307AB,4,トリー,
surname_203,surname,0307AF,7,スライダー,
surname_204,surname,0307B6,6,アレックス,
surname_205,surname,0307BC,5,デニー,
surname_206,surname,0307C1,4,リッチ,
surname_207,surname,0307C5,7,際際(CF),
name_extra1_000,name_extra1,0307D0,5,はせべ,
name_extra2_000,name_extra2,0307E5,5,よこかわ,
name_extra2_001,name_extra2,0307EA,5,そうだ,
name_extra2_002,name_extra2,0307EF,4,たかお,
name_extra2_003,name_extra2,0307F3,4,ちば,
name_set3_000,name_set3,03082B,6,ももぞの,
name_set3_001,name_set3,030831,4,にしの,
name_set3_002,name_set3,030835,5,きりしま,
name_set3_003,name_set3,03083A,5,はなしま,
name_set3_004,name_set3,03083F,5,くらさわ,
name_set3_005,name_set3,030844,5,あいはら,
name_set3_006,name_set3,030849,6,おかじま,
name_set3_007,name_set3,03084F,6,みずはら,
name_set3_008,name_set3,030855,7,くるみざわ,
name_set3_009,name_set3,03085C,5,もりした,
name_set3_010,name_set3,030861,6,やまぐち,
name_set3_011,name_set3,030867,7,きりがくれ,
name_set3_012,name_set3,03086E,5,タウニィ,
name_set4_000,name_set4,0308A7,5,かわかみ,
name_set4_001,name_set4,0308AC,5,ふくしま,
name_set4_002,name_set4,0308B1,4,にしの,
name_set4_003,name_set4,0308B5,6,おおこうち,
name_set4_004,name_set4,0308BB,5,みどり,
name_set4_005,name_set4,0308C0,6,とうどう,
name_set4_006,name_set4,0308C6,3,いせ,
name_set4_007,name_set4,0308C9,6,みずしま,
name_set4_008,name_set4,0308CF,4,ひうら,
name_set4_009,name_set4,0308D3,6,みずもり,
name_set4_010,name_set4,0308D9,6,あしざわ,
name_set4_011,name_set4,0308DF,8,ふじばやし,
name_set4_012,name_set4,0308E7,5,イワモト,
name_set5_000,name_set5,030920,4,あしの,
name_set5_001,name_set5,030924,5,しまだ,
name_set5_002,name_set5,030929,5,ふぶき,
name_set5_003,name_set5,03092E,4,かなえ,
name_set5_004,name_set5,030932,5,こばし,
name_set5_005,name_set5,030937,4,れいか,
name_set5_006,name_set5,03093B,5,おがわ,
name_set5_007,name_set5,030940,4,みなみ,
name_set5_008,name_set5,030944,4,さゆり,
name_set5_009,name_set5,030948,4,まきの,
name_set5_010,name_set5,03094C,5,こうさか,
name_set5_011,name_set5,030951,4,ももち,
name_set5_012,name_set5,030955,6,クリッシィ,
item_000,item,030AAF,9,ユキタのバット,
item_001,item,030AB8,9,エクスカリバー,
item_002,item,030AC1,7,ミートくん5,
item_003,item,030AC8,8,ミートくん10,
item_004,item,030AD0,10,ナイスバントくん,
item_005,item,030ADA,8,かみさまのつえ,
item_006,item,030AE2,9,ミラクルロッド,
item_007,item,030AEB,9,チャンスロッド,
item_008,item,030AF4,9,ストレートキラー,
item_009,item,030AFD,10,えどっこバット,
item_010,item,030B07,10,よいこのグラブ,
item_011,item,030B11,10,ゴッドハンド,
item_012,item,030B1B,9,オーラグラブ,
item_013,item,030B24,11,バトルグローブ,
item_014,item,030B2F,10,ジャストフィット,
item_015,item,030B39,9,オールラウンド,
item_016,item,030B42,12,ピッチャーグラブ,
item_017,item,030B4E,5,PQU1,
item_018,item,030B53,5,PQU2,
item_019,item,030B58,4,サスケ,
item_020,item,030B5C,4,ハヤテ,
item_021,item,030B60,9,オーラシューズ,
item_022,item,030B69,10,バトルシューズ,
item_023,item,030B73,10,りきのゆうじょう,
item_024,item,030B7D,11,ぎんぎんゼット,
item_025,item,030B88,9,ファイトはつらつ,
item_026,item,030B91,8,ミナゲンキー,
item_027,item,030B99,8,いやらしぼん,
item_028,item,030BA1,9,のーかっとぼん,
item_029,item,030BAA,10,キューキューばこ,
item_030,item,030BB4,9,あんしんおまもり,
item_031,item,030BBD,10,ゴッドパワー,
item_032,item,030BC7,7,もっていない,
item_033,item,030BCE,5,はずす,
story_000,story,0324FA,40,"こうのすけ「いきなりだが どちらにするかを
      えらびたまえ!",
story_001,story,032522,39,"こうのすけ「やあ おひさしぶり。
      ごきげん いかがかな{PAUSE}",
story_002,story,032549,53,"こうのすけ「きみの ”ねっけつ やきゅうたいかい”への
      さんかを たいへん かんげいする!",
story_003,story,03257E,40,"こうのすけ「きみのように ねっけつで かっこよくて
      あたまもよく",
story_004,story,0325A6,59,"こうのすけ「とってもスケベで スッペケペな・・・
      まあ ひとことで いうと そんなひとのための",
story_005,story,0325E1,47,"こうのすけ「でーーーーーーっかい せかいきぼの
      やきゅうたいかい なのだ。",
story_006,story,032610,29,こうのすけ「まあ せいぜいがんばって くれたまえ。,
story_007,story,03262D,31,こうのすけ「おじょうさまな やきゅうは つうようせんぞ。,
story_008,story,03264C,16,こうのすけ「まけて なくなよ!,
story_009,story,03265C,30,こうのすけ「ガーッハッハッハッハッハッハッハッハッハッ。,
story_010,story,03267A,10,こうのすけ「あっ!,
story_011,story,032684,22,たちばな「・・・やっぱり だめだ。,
story_012,story,03269A,18,りか「どうして{PAUSE} キャプテン。,
story_013,story,0326AC,47,"りか「もういちど がんばって こんどのたいかいには
   ゆうしょう しましょうよ!",
story_014,story,0326DB,21,たちばな「・・・・・・マネージャー。,
story_015,story,0326F0,21,たちばな「だめなんだ もう・・・。,
story_016,story,032705,56,"りか「よわきに なるなんて たちばなさん らしくない!
   あたしが みんなを せっとくするから・・・。",
story_017,story,03273D,32,たちばな「だめなんだよ りか・・・やきゅうぶは・・・。,
story_018,story,03275D,27,たちばな「やきゅうぶは もう なくなったんだ。,
story_019,story,032778,13,りか「そ・そんな・・・。,
story_020,story,032785,44,"たちばな「・・・やきゅうは ひとりじゃ・・・
     できないんだよ・・・。",
story_021,story,0327B1,61,"たちばな「・・・もう びょういんに もどったほうが いい
     ・・・みんなが しんぱいするぞ・・・。",
story_022,story,0327EE,23,たちばな「・・・・・・すまない・・・りか。,
story_023,story,032805,13,すがた「つまり・・・。,
story_024,story,032812,55,"すがた「ゆうしょうこうほの やきゅうぶが
    まさかの まけで ガックリきて かいさんした・・",
story_025,story,032849,13,すがた「というわけか。,
story_026,story,032856,49,"すがた「まあ あんなやつが キャプテンだから まけるのも
    うなずけるけどね。",
story_027,story,032887,54,"すがた「しかし こんどの ねっけつたいかい では
    このオレが キャプテンに なるのだ。",
story_028,story,0328BD,44,"すがた「あいする りかちゃん♡の ハートは
    バッチリ いただくぜっ!!",
story_029,story,0328E9,9,すがた「あっ!,
story_030,story,0328F2,54,"すがた「まいったなあ。 かんとく ”かわかみ”だぜ!
    あの すうがくの スポ-ツおんち!",
story_031,story,032928,43,"ななせ「ほ・ほんとか{PAUSE}
    なんで ”ちば”せんせいじゃ ないんだよ! ",
story_032,story,032953,30,すがた「・・・さあな・・・それよりも りかちゃんだよ。,
story_033,story,032971,30,ななせ「そんなに わるいのか{PAUSE} かのじょの びょうき。,
story_034,story,03298F,28,すがた「ああ。 いしゃも あきらめたって・・・・・。,
story_035,story,0329AB,27,ななせ「えっ! そうか・・・。 かわいそうに・・・。,
story_036,story,0329C6,54,"すがた「・・・なんか わるいこと だらけだな・・・。
    ほんとに かてるのか おれたち・・・。",
story_037,story,0329FC,45,"ななせ「だいじょうぶだよ。なんたって くにおさんが
    いるじゃないか!",
story_038,story,032A29,25,すがた「そうだよな! まけるわけ ないよな!,
story_039,story,032A42,46,"くにお「おーい おまえたち!
    しばらく るすに するんで あと よろしくなー。",
story_040,story,032A70,20,すがた・ななせ「そ・そんなー・・・。,
story_041,story,032A84,45,"そのかわ「くにお アニキー♡ まってくれよー!
     オレも つれてって くれよー!",
story_042,story,032AB1,43,"そのかわ「なんで にげるんだよおー。
     コンビふっかつ しようよー!",
story_043,story,032ADC,65,":「さらに すうじつご・・・こいがたきの ”たちばな”も
  くわわって さらに ダメージを うけた すがたくん。",
story_044,story,032B1D,56,":「その すがたキャプテン ひきいる ”ねっけつ”は
  はたして かつことが できるのでしょうか{PAUSE}",
story_045,story,032B55,46,":「そして りかちゃんを げんきづけて あげることが
  できるのでしょうか{PAUSE}",
story_046,story,032B83,51,":「いよいよ しあいかいしです。
  がんばれ ねっけつ! こんじょうだ! すがたくん!",
story_047,story,032BB6,40,"こうのすけ「これより ”ねっけつ やきゅうたいかい”を
      おこなう。",
story_048,story,032BDE,43,"こうのすけ「きみたちは わたしに えらばれた ねっけつの
      せんしだ!",
story_049,story,032C09,22,こうのすけ「ガッツで たたかいたまえ!,
story_050,story,032C1F,52,"こうのすけ「なお かったチームには とっても すばらしい
      プレゼントを よういする。",
story_051,story,032C53,20,こうのすけ「がんばれよ! みんな!,
story_052,story,032C67,26,こうのすけ「これで たいかいあいさつを おわる。,
story_053,story,032C81,20,こうのすけ「ハッハッハッハッハッハッ。,
story_054,story,032C95,11,こうのすけ「ブイ!,
story_055,story,032CA0,39,"こうのすけ「これで ”ねっけつ やきゅうたいかい”を
      おわる。",
story_056,story,032CC7,29,こうのすけ「くるしい たたかいを よくがんばったな。,
story_057,story,032CE4,54,"こうのすけ「くるしいときこそ なかまのために たたかう。
      それが ほんとうの ねっけつだ!",
story_058,story,032D1A,13,こうのすけ「わかったか!,
story_059,story,032D27,35,"こうのすけ「・・・わからんか{PAUSE}
      まあ どうでもよい!",
story_060,story,032D4A,43,"こうのすけ「ちいさいことを きにせず せいしゅんを
      いきる ことだ!",
story_061,story,032D75,45,"こうのすけ「そうすれば わたしのような ビッグな やつに
      なれるぞ。",
story_062,story,032DA2,24,こうのすけ「ワッハッハッハッハッハッハッハッ。,
story_063,story,032DBA,11,こうのすけ「ブイ!,
story_064,story,032DC5,29,りか「・・・わたしの た・ために・・ ありがとう   ,
story_065,story,032DE2,29,りか「あたし・・  ぜったいに   わすれない   よ,
story_066,story,032DFF,13,りか「     ふたりを,
story_067,story,032E0C,16,りか「て    てんごくで,
story_068,story,032E1C,28,りか「   み               みまもって,
story_069,story,032E38,47,"すがた「ゴ・ゴメンよー! りかちゃん! なんのちからにも
    なれなかった・・・。",
story_070,story,032E67,44,"たちばな「すまない りか。
     や・やくそく はたせなくて・・・す・すまん・・",
story_071,story,032E93,49,"すがた「・・・・・・・・・・・・・り・・りかちゃーん・・
    オレ・・・・・オレ・・・・。",
story_072,story,032EC4,29,たちばな「・・・・・・・・・ち・ちくしょう・・・・・。,
story_073,story,032EE1,19,すがた・たちばな「ゲゲッ!!,
story_074,story,032EF4,20,たちばな「ドっピょーーーン!!!,
story_075,story,032F08,23,りか「もう いっかい ちょうせんしてね♡♡♡,
story_076,story,032F1F,42,"たちばな「うーん むずかしいな。
     これが せいいっぱいか・・・。",
story_077,story,032F49,57,"すがた「マネージャーの はなしだと これからの あいては
    はんぱじゃなく つよいらしいってよ。",
story_078,story,032F82,44,"ななせ「ここまでは かてたけど・・・この せんりょくでは
    まずいよね。",
story_079,story,032FAE,19,いちじょう「か・かえって きたあ!,
story_080,story,032FC1,38,"くにお「またせたな みんな。
    ここからは オレに まかせときなっ。",
story_081,story,032FE7,52,"そのかわ「ここからは オイラに まかせときなっ。
     くにおさんに かわって だいかつやくさ。",
story_082,story,03301B,14,くにお「なめんじゃねー!,
story_083,story,033029,54,"たちばな「これで オレも きっぱりと やきゅうを
     やめられるよ ・・・・・・ありがとう。",
story_084,story,03305F,20,くにお「たちばな・・・おまえ・・・。,
story_085,story,033073,58,"たちばな「もう だめなんだ・・・うでが・・・
     わかっていたんだ・・・でも・・・いいんだ。",
story_086,story,0330AD,20,くにお「なぜ そこまでして・・・。,
story_087,story,0330C1,44,"ななせ「あさのさん! げ・げんきそう・・だね。
    だいじょうぶなの{PAUSE}",
story_088,story,0330ED,57,"りか「うん! しんぱいかけちゃって ごめんなさい。
   あたし みんなに おれいが いいたくて きたの。",
story_089,story,033126,47,"りか「みんなが がんばってるのを みて ほんとうに
   げんきづけられた・・・。",
story_090,story,033155,49,"りか「あたしの・・ちいさいときからの ゆめが
   かなったの・・みんなの おかげで・・。",
story_091,story,033186,39,"りか「すがたくん ほんとうに ありがとう。
   あたし わすれないよ。",
story_092,story,0331AD,31,すがた「い・いや そ・そんな・・・いいのよ べつに・・。,
story_093,story,0331CC,17,りか「ななせくん ありがとう!,
story_094,story,0331DD,22,ななせ「うん よかったね ”あさの”さん。,
story_095,story,0331F3,28,りか「くにおせんぱい ありがとう ございます。,
story_096,story,03320F,8,くにお「ああ。,
story_097,story,033217,13,たちばな「りか・・・。,
story_098,story,033224,17,りか「・・たちばなさん・・・。,
story_099,story,033235,18,くにお「さ そろそろ いこうぜ。,
story_100,story,033247,38,"すがた「さあ オレも いくかなっと。
    じゃあね おふたりさん!",
story_101,story,03326D,12,りか「すがたくん!!,
story_102,story,033279,46,"りか「・・・すがた・・くん。
   ・・・ありがと・・・・・・・・・・・・ごめんね。",
story_103,story,0332A7,52,"すがた「・・・ばか! なにいってんだよ。
    なんのことだか ぜんぜん わかんねえな。",
story_104,story,0332DB,45,"すがた「かんちがい すんなよな!
    オレは りかちゃんの ”ファン”だぜ!",
story_105,story,033308,36,"すがた「と そういう ことね♡
    じゃ また あした・・・。",
story_106,story,03332C,18,ももぞの「おーい! まってよー!,
story_107,story,03333E,57,"ももぞの「すがたくん! おいてかないでよお! さっき
     いっしょに かえるからって いったのにー。",
story_108,story,033377,28,ももぞの「あらら♡ どーしたのかなー さんちゃん。,
story_109,story,033393,49,"ももぞの「なんか あったのかなー。
     ああ そういえば りかちゃんと たちばなさん",
story_110,story,0333C4,54,"ももぞの「なかよく いっしょに かえったっけなー♡
     もしかしたら それが げんいんかなー。",
story_111,story,0333FA,17,ももぞの「ねー どーなの{PAUSE}♡,
story_112,story,03340B,18,ももぞの「ね{PAUSE} ね{PAUSE} ね{PAUSE} ね{PAUSE},
story_113,story,03341D,21,すがた「うるっせーんだよ おまえは!,
story_114,story,033432,36,"くにお「おーい やまだ。
    ランニングとは かんしんだな。",
story_115,story,033456,44,"やまだ「うるせい! ”わけあり”だ!
    きやすく よびとめるんじゃねえ!",
story_116,story,033482,63,"やまだ「こんど あうときは その なまいきな かおに
    ミラクルパンチだぜ! おぼえときなっ! やばい!",
story_117,story,0334C1,17,おばちゃん「まてー! こらー!,
story_118,story,0334D2,42,"くにお「あいつ また ごまかしたな。
    ほんとうに しんぽ してねーな。",
story_119,story,0334FC,12,くにお「せこすぎる!,
story_120,story,033508,58,"「こうして また すがたくんに えがおが もどり
 あらたな ラブストーリーが はじまるのでした。",
story_121,story,033542,42,"「まずモードの せんたくを してから
 それぞれを えらんでくださいね。",
story_122,story,03356C,34,"「ストーリーモードの メニューがめんです。
 どうします{PAUSE}",
story_123,story,03358E,45,"「さあ しょうひんが もらえます。
 すきな ところを ひとつ えらんでください。",
story_124,story,0335BB,25,"「おめでとうございます。
 {VAR:45}でーす。",
story_125,story,0335D4,33,"「こじんの せいせきです。
 じっくり みてくださいね♡",
story_126,story,0335F5,33,"「こじんの ピッチングせいせきです。
 どうですか{PAUSE}",
story_127,story,033616,27,"「チームの せいせきです。
 まあ すばらしい!",
story_128,story,033631,34,"「チームを えらんでくださいね。
 ハンデも つけられます。",
story_129,story,033653,38,"「それでは こうかの せいしょうです。
 みんなで うたいましょう。",
story_130,story,033679,39,"「せんこう {VAR:46}チームの
 メンバーひょうを ていしゅつ してください。",
story_131,story,0336A0,39,"「こうこう {VAR:46}チームの
 メンバーひょうを ていしゅつ してください。",
story_132,story,0336C7,30,"「おっと {VAR:46}チームの
 きょうれつな ”やじ”です!",
story_133,story,0336E5,29,"「しかーし!
 {VAR:42}せんしゅ まったく どうじない!",
story_134,story,033702,25,"「あー!
 {VAR:42}せんしゅ ビビッてしまった!",
story_135,story,03371B,20,「{VAR:42}せんしゅ げんきになりました。,
story_136,story,03372F,26,"「だめです!
 {VAR:42}せんしゅ たちなおれない!",
story_137,story,033749,42,"「うーん {VAR:46}チームの せんしゅたち
 たまらず あつまり きあいを いれあう!",
story_138,story,033773,33,"「{VAR:46}チームの ”やじ”さくせんは
 だいせいこう です!",
story_139,story,033794,35,"「{VAR:46}チームの ”やじ”さくせんは
 しっぱいに おわりました。",
story_140,story,0337B7,33,"「ざんねん {VAR:46}チームは きあいが
 はいりませんでした!",
story_141,story,0337D8,37,"「ゆうじょう パワーだ! {VAR:46}チーム
 きあいが はいったぞ!",
story_142,story,0337FD,43,"「あっ! がいじんは にほんごが わからない!
 まったく つうじなーい!",
story_143,story,033828,26,「かたことの にほんごが こころをつかんだ!,
story_144,story,033842,31,"「しあいしゅうりょうです。
 {VAR:46}チームが かちました!",
story_145,story,033861,35,"「しあいしゅうりょうです。
 {VAR:46}チーム やぶれてしまいました。",
story_146,story,033884,39,"「はげしいたたかいを せいしたのは なんと
 ねっけつこうこう でした。",
story_147,story,0338AB,23,「ほんっとに おめでとうございます!!,
story_148,story,0338C2,27,"「はいりました! {VAR:42}せんしゅの
 ソロホームラン!",
story_149,story,0338DD,29,"「でましたーっ! {VAR:42}せんしゅの
 2ランホームラン!",
story_150,story,0338FA,26,"「やったー! {VAR:42}せんしゅの
 3ランホームラン!",
story_151,story,033914,30,"「すばらしいー! {VAR:42}せんしゅの
 まんるいホームラン!",
story_152,story,033932,32,"「これは すごーい! {VAR:42}せんしゅの
 サヨナラホームラン!",
story_153,story,033952,19,「{VAR:46}チーム せんせいてん です!,
story_154,story,033965,16,「{VAR:46}チーム おいつきました!,
story_155,story,033975,19,「{VAR:46}チーム ぎゃくてん です!,
story_156,story,033988,17,「{VAR:46}チーム かちこし です!,
story_157,story,033999,18,「{VAR:46}チーム てんを かえします!,
story_158,story,0339AB,18,「{VAR:46}チーム きせきの しょうり!,
story_159,story,0339BD,14,「{VAR:46}チーム ついかてん!,
story_160,story,0339CB,16,「つぎは {VAR:48}かいの おもて,
story_161,story,0339DB,15,「つぎは {VAR:48}かいの ウラ,
story_162,story,0339EA,29,"「さあ しゅうばんを むかえました
 9かいの おもて",
story_163,story,033A07,23,「さあ いよいよ おおづめ 9かいの ウラ,
story_164,story,033A1E,27,"「えんちょうせんに はいります
 {VAR:48}かいの おもて",
story_165,story,033A39,21,「さあ サヨナラなるか {VAR:48}かいの ウラ,
story_166,story,033A4E,18,「{VAR:46}チームの こうげきです。,
story_167,story,033A60,18,「{VAR:46}チームの はんげきです。,
story_168,story,033A72,16,「これより だい{VAR:49}かいせん,
story_169,story,033A82,10,「{VAR:46}チーム たい,
story_170,story,033A8C,24,"「{VAR:46}チームの しあいが
 おこなわれます。",
story_171,story,033AA4,31,"「このしあいの しゅしんは
 {VAR:43}さんで おこなわれます。",
story_172,story,033AC3,10,「バントです!,
story_173,story,033ACD,16,「ボテボテの ゴロだ!,
story_174,story,033ADD,16,「へいぼんな ゴロです!,
story_175,story,033AED,14,「ちを はう ゴロだ!,
story_176,story,033AFB,13,「きけんな ゴロだ!,
story_177,story,033B08,15,「あたりそこねの ライナー!,
story_178,story,033B17,9,「ライナーだ!,
story_179,story,033B20,15,「つうれつな ライナーだ!,
story_180,story,033B2F,14,「きけんな ライナーだ!,
story_181,story,033B3D,21,「これは! ひっさつだきゅう です!,
story_182,story,033B52,11,「たかく はねたー!,
story_183,story,033B5D,11,「うちあげました!,
story_184,story,033B68,13,「へいぼんな フライ!,
story_185,story,033B75,15,「これは おおきな あたり!,
story_186,story,033B84,14,「グングン のびる!,
story_187,story,033B92,12,「かぜに のります!,
story_188,story,033B9E,18,「あっと かぜに もどされる!,
story_189,story,033BB0,17,「きわどい だきゅうです。,
story_190,story,033BC1,13,「きれるか どうか!{PAUSE},
story_191,story,033BCE,18,"「はいりました。
 フェアです!",
story_192,story,033BE0,18,"「きれました。
 ファールです!",
story_193,story,033BF2,21,「びみょうに きれて ファールです!,
story_194,story,033C07,30,"「これは スタンドへ はいりました!
 ファールです!",
story_195,story,033C25,13,「はいるか どうか!{PAUSE},
story_196,story,033C32,20,「だきゅうは フェンスに あたった!,
story_197,story,033C46,19,「だきゅうは ころがっていく!!,
story_198,story,033C59,19,「これは もんくなし! ホームラン!,
story_199,story,033C6C,20,「ポールに あたった! ホームラン!,
story_200,story,033C80,14,「はいった! ホームラン!,
story_201,story,033C8E,16,「なんと じょうがいだ!,
story_202,story,033C9E,9,「ジャンプ!,
story_203,story,033CA7,9,「よこっとび!,
story_204,story,033CB0,20,「ぎゃくシングルで とりにいく!,
story_205,story,033CC4,8,「とびこむ!,
story_206,story,033CCC,14,「すごい ジャンプ!,
story_207,story,033CDA,19,「からだで とめに いきます!{PAUSE},
story_208,story,033CED,12,「はたき おとした!{PAUSE},
story_209,story,033CF9,13,「かれいに とびつく!,
story_210,story,033D06,14,「こんじょうで いく!,
story_211,story,033D14,10,「ふっとんだ!!,
story_212,story,033D1E,11,「モロに あたった!,
story_213,story,033D29,27,「だけど へいきだ! すごい こんじょう!,
story_214,story,033D44,10,「トンネルだー!,
story_215,story,033D4E,10,「ナイスキャッチ!,
story_216,story,033D58,13,「おとした! おとした!,
story_217,story,033D65,20,「{VAR:42}くん まだ おきあがらない!,
story_218,story,033D79,20,「けがを してしまった ようです!,
story_219,story,033D8D,11,「ガッチリ とって,
story_220,story,033D98,18,「おっと! ちからで とるのか{PAUSE},
story_221,story,033DAA,17,「{VAR:42}くん しずかに いのる!,
story_222,story,033DBB,12,「ボールを ひろう!,
story_223,story,033DC7,12,「フェンスに ついた!,
story_224,story,033DD3,14,「フェンスに のぼった!,
story_225,story,033DE1,14,「フェンスに げきとつ!,
story_226,story,033DEF,24,「なんと! しんぱんに げきとつだー!!,
story_227,story,033E07,9,「おいつかない!,
story_228,story,033E10,13,「ポテンヒットだー!,
story_229,story,033E1D,7,「ぬけたー!,
story_230,story,033E24,18,「うったランナー {VAR:4A}を まわる!,
story_231,story,033E36,14,「{VAR:42}くん もどります!,
story_232,story,033E44,19,「3るい ランナー タッチアップ!,
story_233,story,033E57,18,「ランナー {VAR:4A}で ストップ!,
story_234,story,033E69,16,「{VAR:42}くん ぼうそうだー!,
story_235,story,033E79,10,「バックホーム!,
story_236,story,033E83,13,「2るいへ そうきゅう!,
story_237,story,033E90,13,「3るいへ そうきゅう!,
story_238,story,033E9D,13,「1るいへ そうきゅう!,
story_239,story,033EAA,13,「ホームへ そうきゅう!,
story_240,story,033EB7,15,「カットマンへ へんきゅう!,
story_241,story,033EC6,16,「ダイレクトで 2るいへ!,
story_242,story,033ED6,16,「ダイレクトで ホームへ!,
story_243,story,033EE6,16,「ダイレクトで 1るいへ!,
story_244,story,033EF6,16,「ダイレクトで 3るいへ!,
story_245,story,033F06,14,「{VAR:42}くん すべりこむ!,
story_246,story,033F14,16,「{VAR:42}くん あたまから いく!,
story_247,story,033F24,15,「ベースに とどかない!,
story_248,story,033F33,18,「{VAR:42}くん ”へこへこ” すすむ!,
story_249,story,033F45,22,"「ランナー {VAR:42}くん
 2るいへ むかう!",
story_250,story,033F5B,22,"「ランナー {VAR:42}くん
 3るいへ むかう!",
story_251,story,033F71,22,"「ランナー {VAR:42}くん
 ホームへ むかう!",
story_252,story,033F87,24,"「ランナー {VAR:42}くん
 はさまれて しまった!",
story_253,story,033F9F,18,「ランナー {VAR:42}くん ホームイン!,
story_254,story,033FB1,10,「タッチに いく!,
story_255,story,033FBB,8,「タッチする!,
story_256,story,033FC3,11,「ランナー よけた!,
story_257,story,033FCE,10,「ブロックする!,
story_258,story,033FD8,18,「{VAR:42}くん はげしく タックル!,
story_259,story,033FEA,14,「{VAR:42}くんの こうげき!,
story_260,story,033FF8,15,「{VAR:42}くん ふっとんだー!,
story_261,story,034007,14,「{VAR:42}くん ダメージ!,
story_262,story,034015,7,「ダウン!,
story_263,story,03401C,16,「はげしい こうぼうだ!,
story_264,story,03402C,13,「りょうしゃ ダウン!,
story_265,story,034039,14,「セーフ! セーフです!,
story_266,story,034047,6,「セーフ!,
story_267,story,03404D,8,「ホームイン!,
story_268,story,034055,10,「{VAR:46} とくてん!,
story_269,story,03405F,14,「{VAR:46} とくてん ついか!,
story_270,story,03406D,19,「これで {VAR:47}てんに なりました!,
story_271,story,034080,17,「なんと サヨナラです!!!!,
story_272,story,034091,13,「スクイズ せいこう!,
story_273,story,03409E,12,「ぎゃくてんです!,
story_274,story,0340AA,11,「どうてんです!,
story_275,story,0340B5,16,「{VAR:42}くん マッハダッシュ!,
story_276,story,0340C5,16,「{VAR:42}くん ニトロダッシュ!,
story_277,story,0340D5,14,「{VAR:4A}へ けんせいです!,
story_278,story,0340E3,18,「{VAR:4A}へ はやい けんせいです!,
story_279,story,0340F5,12,「ランナー もどる!,
story_280,story,034101,6,「アウト!,
story_281,story,034107,14,「アウト! アウトです!,
story_282,story,034115,16,「{VAR:42}くん ランナーを おう!,
story_283,story,034125,14,「{VAR:42}くんに そうきゅう!,
story_284,story,034133,15,「{VAR:42}くん フォースアウト!,
story_285,story,034142,15,「ボールが こぼれた!,
story_286,story,034151,18,「しかし ボールは はなさない!,
story_287,story,034163,19,「ボールが でてしまったー!!,
story_288,story,034176,15,「ダブルプレーです!,
story_289,story,034185,18,「ト・トリプルプレーだー!!,
story_290,story,034197,10,「スッポぬけた!,
story_291,story,0341A1,15,「グッドな そうきゅう!,
story_292,story,0341B0,14,「へんきゅうが それる!,
story_293,story,0341BE,14,「そうきゅうが それた!,
story_294,story,0341CC,9,「とどかない!,
story_295,story,0341D5,14,「はやい そうきゅうだ!,
story_296,story,0341E3,14,「はやい へんきゅうだ!,
story_297,story,0341F1,16,「すごい そうきゅうだー!,
story_298,story,034201,16,「すごい へんきゅうだー!,
story_299,story,034211,19,「スリーアウト! チェンジです!,
story_300,story,034224,8,「ワンアウト!,
story_301,story,03422C,8,「ツーアウト!,
story_302,story,034234,20,「だきゅうが まがって きます!,
story_303,story,034248,15,「イレギュラー しました!,
story_304,story,034257,4,「!{PAUSE},
story_305,story,03425B,5,「あっ!,
story_306,story,034260,8,「おーっっ!!,
story_307,story,034268,5,「ああ!,
story_308,story,03426D,13,「{VAR:42}くんが カット!,
story_309,story,03427A,23,"「ピッチャー {VAR:42}くんが
 とりにいく!",
story_310,story,034291,23,"「キャッチャー {VAR:42}くんが
 とりにいく!",
story_311,story,0342A8,22,"「ファースト {VAR:42}くんが
 とりにいく!",
story_312,story,0342BE,22,"「セカンド {VAR:42}くんが
 とりにいく!",
story_313,story,0342D4,21,"「ショート {VAR:42}くんが
 とりにいく!",
story_314,story,0342E9,21,"「サード {VAR:42}くんが
 とりにいく!",
story_315,story,0342FE,20,"「レフト {VAR:42}くんが
 とりにいく!",
story_316,story,034312,20,「{VAR:42}くん ジャンプで かわす!,
story_317,story,034326,14,「だきゅうは ひだりへ,
story_318,story,034334,13,「だきゅうは みぎへ,
story_319,story,034341,21,"「センター {VAR:42}くんが
 とりにいく!",
story_320,story,034356,10,「{VAR:42}くん とって,
story_321,story,034360,17,「バントエンドラン です!,
story_322,story,034371,16,「ヒットエンドラン です!,
story_323,story,034381,20,「これは クロスプレイに なるか!{PAUSE},
story_324,story,034395,12,「とうるい せいこう!,
story_325,story,0343A1,12,「ダブルスチール!,
story_326,story,0343AD,10,「パスボール!,
story_327,story,0343B7,12,「ぼうとう です!,
story_328,story,0343C3,15,「{VAR:42}くんが カバー! ,
story_329,story,0343D2,20,"「ライト {VAR:42}くんが
 とりにいく!",
story_330,story,0343E6,9,「ヒットです!,
story_331,story,0343EF,16,「ツーベースヒット です!,
story_332,story,0343FF,17,「スリーベースヒット です!,
story_333,story,034410,19,「エンタイトル ツーベースヒット!,
story_334,story,034423,21,かわかみ「せ せんしゅ こうたいです。,
story_335,story,034438,21,かわかみ「し しゅび こうたいです。,
story_336,story,03444D,13,かわかみ「タイムです。,
story_337,story,03445A,9,かわかみ「{VAR:42}と,
story_338,story,034463,19,かわかみ「{VAR:42}を かえます です。,
story_339,story,034476,23,かわかみ「せんしゅデータでも みますか。,
story_340,story,03448D,26,かわかみ「みんな こえが でてない ですよ。,
story_341,story,0344A7,21,かわかみ「あしのさん アイテムですよ。,
story_342,story,0344BC,22,ふくしま「おう! せんしゅ こうたいだ!,
story_343,story,0344D2,22,ふくしま「おう! しゅび こうたいだ!,
story_344,story,0344E8,12,ふくしま「タイムだ!,
story_345,story,0344F4,9,ふくしま「{VAR:42}と,
story_346,story,0344FD,16,ふくしま「{VAR:42}を かえるぜ!,
story_347,story,03450D,23,ふくしま「せんしゅデータでも みるかな。,
story_348,story,034524,25,ふくしま「おまえら なめんなよ! こえ だせ!,
story_349,story,03453D,19,ふくしま「しまだ! アイテムだ!,
story_350,story,034550,22,にしの「あのですね せんしゅ かえます。,
story_351,story,034566,22,にしの「あのですね しゅび かえます。,
story_352,story,03457C,12,にしの「タイムします。,
story_353,story,034588,10,にしの「{VAR:42}くんと,
story_354,story,034592,16,にしの「{VAR:42}くんを かえます。,
story_355,story,0345A2,23,にしの「せんしゅデータで けんきゅうよ!,
story_356,story,0345B9,20,にしの「こらあ! こえを だしてー!,
story_357,story,0345CD,20,にしの「さくらざわさん アイテムよ!,
story_358,story,0345E1,17,おおこうち「せんしゅ こうたい!,
story_359,story,0345F2,17,おおこうち「しゅび こうたい!,
story_360,story,034603,11,おおこうち「タイム!,
story_361,story,03460E,10,おおこうち「{VAR:42}と,
story_362,story,034618,15,おおこうち「{VAR:42}を かえる!,
story_363,story,034627,25,おおこうち「せんしゅデータを みるとするかな。,
story_364,story,034640,20,おおこうち「こえを だせ! こえを!,
story_365,story,034654,21,おおこうち「マネージャー! アイテム!,
story_366,story,034669,17,みどり「せんしゅ かえまーす。,
story_367,story,03467A,17,みどり「しゅび かえまーす。,
story_368,story,03468B,18,みどり「タイム ねがいまーす。,
story_369,story,03469D,11,みどり「{VAR:42}くんと,
story_370,story,0346A8,20,みどり「{VAR:42}くんを かえて みるわ。,
story_371,story,0346BC,24,みどり「せんしゅデータ みて いいかしら{PAUSE},
story_372,story,0346D4,22,みどり「みんな こえを だしてねーん♡,
story_373,story,0346EA,24,みどり「こばしさん アイテム つかうわよ!,
story_374,story,034702,17,とうどう「せんしゅ かえます。,
story_375,story,034713,17,とうどう「しゅび かえます。,
story_376,story,034724,15,とうどう「タイム します。,
story_377,story,034733,12,とうどう「{VAR:42}くんと,
story_378,story,03473F,18,とうどう「{VAR:42}くんを かえるよ。,
story_379,story,034751,26,とうどう「フッ せんしゅデータでも みるか。,
story_380,story,03476B,22,とうどう「みんな こえを だしたまえ!,
story_381,story,034781,21,とうどう「れいかくん! アイテムだ!,
story_382,story,034796,20,いせ「さあ! せんしゅ こうたいだ!,
story_383,story,0347AA,20,いせ「さあ! しゅび こうたいだ!,
story_384,story,0347BE,15,いせ「すいません! タイム!,
story_385,story,0347CD,12,いせ「よーし! {VAR:42}と,
story_386,story,0347D9,14,いせ「{VAR:42}を かえるぞ。,
story_387,story,0347E7,19,いせ「さあ! せんしゅデータだ!,
story_388,story,0347FA,25,いせ「さあ! どうした! げんき だせよ!,
story_389,story,034813,20,いせ「おがわさん アイテム いくよ!,
story_390,story,034827,17,みずしま「せんしゅ こうたい!,
story_391,story,034838,17,みずしま「しゅび こうたい!,
story_392,story,034849,18,みずしま「タイム ねがいます!,
story_393,story,03485B,10,みずしま「{VAR:42}と,
story_394,story,034865,16,みずしま「{VAR:42}を かえます。,
story_395,story,034875,23,みずしま「せんしゅデータを みせてくれ。,
story_396,story,03488C,19,みずしま「ほら! こえを だせ!,
story_397,story,03489F,25,みずしま「みなみくん アイテム つかってくれ!,
story_398,story,0348B8,18,ひうら「・・・しゅび こうたい。,
story_399,story,0348CA,12,ひうら「・・・タイム。,
story_400,story,0348D6,11,ひうら「{VAR:42}と・・・,
story_401,story,0348E1,20,ひうら「{VAR:42}を かえます・・・・・・。,
story_402,story,0348F5,25,ひうら「・・・せんしゅ データだ・・・・・。,
story_403,story,03490E,22,ひうら「ももじ・・・・・こえを だせ。,
story_404,story,034924,23,ひうら「・・・・・じょうくん アイテムな。,
story_405,story,03493B,22,みずもり「よーし! せんしゅ こうたい!,
story_406,story,034951,22,みずもり「よーし! しゅび こうたい!,
story_407,story,034967,18,みずもり「よっしゃ! タイムね。,
story_408,story,034979,10,みずもり「{VAR:42}と,
story_409,story,034983,18,みずもり「{VAR:42}を こうたいだ!,
story_410,story,034995,22,みずもり「せんしゅデータ みるぞー!,
story_411,story,0349AB,25,みずもり「ほら!ほら!ほら! こえ だせー!,
story_412,story,0349C4,25,みずもり「れみちゃん! アイテムね! いくよ!,
story_413,story,0349DD,25,あしざわ「おっしゃ! せんしゅ こうたいだ!,
story_414,story,0349F6,23,あしざわ「おっしゃ! しゅび こうたい!,
story_415,story,034A0D,21,あしざわ「タイム! タイム! タイム!,
story_416,story,034A22,10,あしざわ「{VAR:42}と,
story_417,story,034A2C,19,あしざわ「{VAR:42}を こうたいだー!,
story_418,story,034A3F,27,あしざわ「せんしゅデータで けんきゅうだあ!,
story_419,story,034A5A,25,あしざわ「うらー! こえだして いけよー!!,
story_420,story,034A73,26,あしざわ「おっしゃ! こうさか! アイテムだ!,
story_421,story,034A8D,24,ふじばやし「うむ せんしゅ こうたいだ。,
story_422,story,034AA5,24,ふじばやし「うむ しゅび こうたいだ。,
story_423,story,034ABD,19,ふじばやし「むう! タイムだ。,
story_424,story,034AD0,12,ふじばやし「{VAR:42}と,
story_425,story,034ADC,20,ふじばやし「{VAR:42}を こうたいだ。,
story_426,story,034AF0,49,"ふじばやし「てきを しらずして かちめはない!
      せんしゅデータ みるべし!",
story_427,story,034B21,42,"ふじばやし「こころを みだすな!
      きあいを いれて いくのだ!",
story_428,story,034B4B,26,ふじばやし「しのぶ! どうぐを つかえ!,
story_429,story,034B65,19,イワモト「せんしゅ こうたいじゃ!,
story_430,story,034B78,19,イワモト「しゅび こうたいじゃ!,
story_431,story,034B8B,13,イワモト「タイムじゃ!,
story_432,story,034B98,9,イワモト「{VAR:42}と,
story_433,story,034BA1,18,イワモト「{VAR:42}を こうたいじゃ!,
story_434,story,034BB3,21,イワモト「データで チェックじゃ!,
story_435,story,034BC8,18,イワモト「みんな ファイトじゃ!,
story_436,story,034BDA,23,イワモト「マネージャー! アイテムじゃ!,
story_437,story,034BF1,29,"くにこ「さいしょの たいせんあいては
    ”{VAR:46}”。",
story_438,story,034C0E,30,"くにこ「2かいせんの たいせんあいては
    ”{VAR:46}”。",
story_439,story,034C2C,30,"くにこ「3かいせんの たいせんあいては
    ”{VAR:46}”。",
story_440,story,034C4A,30,"くにこ「4かいせんの たいせんあいては
    ”{VAR:46}”。",
story_441,story,034C68,30,"くにこ「5かいせんの たいせんあいては
    ”{VAR:46}”。",
story_442,story,034C86,30,"くにこ「6かいせんの たいせんあいては
    ”{VAR:46}”。",
story_443,story,034CA4,30,"くにこ「7かいせんの たいせんあいては
    ”{VAR:46}”。",
story_444,story,034CC2,36,"くにこ「このしあいから ネオスタジアムで
    おこなわれます。",
story_445,story,034CE6,39,"くにこ「さらに つよくなります。
    きを ぬかないで くださいよ。",
story_446,story,034D0D,30,"くにこ「8かいせんの たいせんあいては
    ”{VAR:46}”。",
story_447,story,034D2B,30,"くにこ「9かいせんの たいせんあいては
    ”{VAR:46}”。",
story_448,story,034D49,31,"くにこ「10かいせんの たいせんあいては
    ”{VAR:46}”。",
story_449,story,034D68,34,"くにこ「じゅんけっしょうの たいせんあいては
    ”{VAR:46}”。",
story_450,story,034D8A,42,"くにこ「けっしょうせんの たいせんあいては
    ”ぜんべい”チームです。",
story_451,story,034DB4,22,くにこ「がんばってね せんぱいたち!,
story_452,story,034DCA,17,くにこ「ぜったい かってよね!,
story_453,story,034DDB,24,くにこ「こんな がっこうには まけないよね。,
story_454,story,034DF3,44,"くにこ「おんなのこが いるからって デレデレ
    しないで くださいね!",
story_455,story,034E1F,24,くにこ「きをつけて たたかって くださいネ。,
story_456,story,034E37,18,くにこ「きっと かってください。,
story_457,story,034E49,24,くにこ「ごうかいに やっつけて ください!,
story_458,story,034E61,14,くにこ「きたいしてますよ!,
story_459,story,034E6F,19,くにこ「こんども かちましょうね。,
story_460,story,034E82,50,"くにこ「あと2つ かてば ゆうしょうですね。
    でも ゆだんしないで ください。",
story_461,story,034EB4,42,"くにこ「ここまできたんです。 くいのない
    たたかいを してください。",
story_462,story,034EDE,8,くにこ「はい!,
story_463,story,034EE6,18,くにこ「{VAR:45}を つかうんですね。,
story_464,story,034EF8,20,くにこ「{VAR:42}さん。 はい どうぞ!,
story_465,story,034F0C,20,くにこ「みなさん! はい どうぞ!,
story_466,story,034F20,27,"まみ「さいしょの たいせんあいては
   ”{VAR:46}”。",
story_467,story,034F3B,26,"まみ「つぎの たいせんあいては
   ”{VAR:46}”。",
story_468,story,034F55,32,"まみ「じゅんけっしょうの たいせんあいては
   ”{VAR:46}”。",
story_469,story,034F75,46,"まみ「このしあいから ネオスタジアムに
   なるんだってさ。 ちっと ひろいみたい。",
story_470,story,034FA3,33,"まみ「けっしょうせんの あいては
   ”ぜんべい”チーム。",
story_471,story,034FC4,18,まみ「みんな! まけないでねー。,
story_472,story,034FD6,13,まみ「がんばろーね!,
story_473,story,034FE3,17,まみ「ぜったい ゆうしょうね!,
story_474,story,034FF4,26,まみ「ゆうじょう パワーで がんばろー!,
story_475,story,03500E,34,"まみ「わーい! けっしょうだー!
   しんじらんない・・・。",
story_476,story,035030,45,"まみ「りき! おんなのこが なげる からって
   てかげんしちゃ だめだよ。",
story_477,story,03505D,8,まみ「はーい!,
story_478,story,035065,14,まみ「{VAR:45}を つかうのね。,
story_479,story,035073,17,まみ「{VAR:42}。 はい どうぞ!,
story_480,story,035084,16,まみ「みんなー。 どうぞ!,
story_481,story,035094,26,"ふぶき「さいしょの あいては
    ”{VAR:46}”。",
story_482,story,0350AE,25,"ふぶき「つぎの あいては
    ”{VAR:46}”。",
story_483,story,0350C7,26,ふぶき「このしあいから ネオスタジアムだよ。,
story_484,story,0350E1,31,"ふぶき「じゅんけっしょうの あいては
    ”{VAR:46}”。",
story_485,story,035100,37,"ふぶき「けっしょうの あいては
    ”ぜんべい”チームだよ。",
story_486,story,035125,19,ふぶき「みんな! ガッツだよ!,
story_487,story,035138,15,ふぶき「がんばれよー!,
story_488,story,035147,24,ふぶき「まけたら ただじゃ おかないよ。,
story_489,story,03515F,35,"ふぶき「ここまで きたんだ。
    せいいっぱいやろうよ。",
story_490,story,035182,34,"ふぶき「おんなを あまくみないほうが
    いいとおもうよ。",
story_491,story,0351A4,9,ふぶき「はい!,
story_492,story,0351AD,13,ふぶき「{VAR:45} だね。,
story_493,story,0351BA,15,ふぶき「{VAR:42}ちゃん。はい!,
story_494,story,0351C9,23,ふぶき「みんな! がんばってね。はい!,
story_495,story,0351E0,25,"かなえ「さいしょの あいては
    ”{VAR:46}”。",
story_496,story,0351F9,24,"かなえ「つぎの あいては
    ”{VAR:46}”。",
story_497,story,035211,30,"かなえ「じゅんけっしょうの あいては
    ”{VAR:46}”。",
story_498,story,03522F,33,"かなえ「けっしょうの あいては
    ”ぜんべい”チーム。",
story_499,story,035250,37,"かなえ「このしあいから ネオスタジアムで
    おこなわれるのよ。",
story_500,story,035275,15,かなえ「げんきにいこーね。,
story_501,story,035284,32,"かなえ「おんなのこが なげるのよ。
    ビックリね。",
story_502,story,0352A4,12,かなえ「がんばろ♡,
story_503,story,0352B0,29,"かなえ「ぜったいかつぞ!
    えい えい おー!",
story_504,story,0352CD,31,"かなえ「いよいよ けっしょうね。
    ワクワクするなー。",
story_505,story,0352EC,14,かなえ「はい! かんとく!,
story_506,story,0352FA,13,かなえ「{VAR:45} ですね。,
story_507,story,035307,16,かなえ「{VAR:42}さん どうぞ♡,
story_508,story,035317,20,かなえ「みなさん! これ どうぞ!,
story_509,story,03532B,25,"なおみ「さいしょの あいては
    ”{VAR:46}”。",
story_510,story,035344,24,"なおみ「つぎの あいては
    ”{VAR:46}”。",
story_511,story,03535C,30,"なおみ「じゅんけっしょうの あいては
    ”{VAR:46}”。",
story_512,story,03537A,33,"なおみ「けっしょうの あいては
    ”ぜんべい”チーム。",
story_513,story,03539B,45,"なおみ「このしあいから ネオスタジアムっていう
    あたらしい ところに なるの。",
story_514,story,0353C8,22,なおみ「おんなのこって でても いいの{PAUSE},
story_515,story,0353DE,26,なおみ「にしむらさん がんばって ください。,
story_516,story,0353F8,35,"なおみ「みんな ”おおぶり” しないで
    しんちょうにね。",
story_517,story,03541B,40,"なおみ「いよいよ けっしょうね。
    あたし おうえんにきて よかったわ。",
story_518,story,035443,34,"なおみ「みんな あつくならないで れいせいに
    やってね。",
story_519,story,035465,19,なおみ「はい! ”くさお”せんせい。,
story_520,story,035478,10,なおみ「{VAR:45} ね。,
story_521,story,035482,17,なおみ「{VAR:42}さん。 どうぞ♡,
story_522,story,035493,20,なおみ「みなさん。 これ どうぞ♡,
story_523,story,0354A7,25,"れいか「さいしょの あいては
    ”{VAR:46}”。",
story_524,story,0354C0,24,"れいか「つぎの あいては
    ”{VAR:46}”。",
story_525,story,0354D8,30,"れいか「じゅんけっしょうの あいては
    ”{VAR:46}”。",
story_526,story,0354F6,35,"れいか「けっしょうせんの あいては
    ”ぜんべい”チーム。",
story_527,story,035519,45,"れいか「このしあいから なんか ぜいたくな
    スタジアムに なるそうですわ。",
story_528,story,035546,44,"れいか「まあ うちの せんりょく だったら
    かてなきゃ おかしいですわね。",
story_529,story,035572,34,"れいか「こんな こうこう あったのかしら{PAUSE}
    はつみみねー。",
story_530,story,035594,33,"れいか「まあ てきとうに がんばって
    くださいな。",
story_531,story,0355B5,44,"れいか「ごうださん♡の ところと やるのー{PAUSE}
    みんな まけても よくてよ。",
story_532,story,0355E1,42,"れいか「”さわむら”{PAUSE} おんなのこ・・・{PAUSE}
    しらないわねー。 なまいきね。",
story_533,story,03560B,46,"れいか「あたしも だしてくださらない{PAUSE}
    ダメですの{PAUSE} ・・・・・・・ケチ!",
story_534,story,035639,33,"れいか「ふん!
    (”れいか”は ごきげん ななめ!)",
story_535,story,03565A,41,"れいか「がんばってねー♡
    (きょうは きげんが よいようだ!)",
story_536,story,035683,15,れいか「はーい まもるさん。,
story_537,story,035692,10,れいか「{VAR:45} ね。,
story_538,story,03569C,38,"れいか「{VAR:42}くん はい。
    あたしから プレゼントよ♡(うそよ)",
story_539,story,0356C2,38,"れいか「みなさーん。 これ どうぞ。
    あたしからよ♡(うそよ)",
story_540,story,0356E8,25,"みちよ「さいしょの あいては
    ”{VAR:46}”。",
story_541,story,035701,24,"みちよ「つぎの あいては
    ”{VAR:46}”。",
story_542,story,035719,30,"みちよ「じゅんけっしょうの あいては
    ”{VAR:46}”。",
story_543,story,035737,35,"みちよ「けっしょうせんの あいては
    ”ぜんべい”チーム。",
story_544,story,03575A,46,"みちよ「これからは ほんせんに なるので
    ネオスタジアムで おこなわれます。",
story_545,story,035788,37,"みちよ「おんなのこが いるなんて・・・
    あこがれちゃうわー。",
story_546,story,0357AD,18,みちよ「みんな がんばってね♡,
story_547,story,0357BF,15,みちよ「ファイト ファイト。,
story_548,story,0357CE,22,みちよ「みんなの しょうりを いのります。,
story_549,story,0357E4,40,"みちよ「けっしょうせん・・・。
    みんな ぜったい がんばろうね。",
story_550,story,03580C,20,みちよ「みんな けが しないでね。,
story_551,story,035820,14,みちよ「はい! せんせい。,
story_552,story,03582E,13,みちよ「{VAR:45} ですね。,
story_553,story,03583B,19,みちよ「{VAR:42}くん これ どうぞ。,
story_554,story,03584E,26,みちよ「みんな! これで げんき だしてね。,
story_555,story,035868,25,"なつみ「さいしょの あいては
    ”{VAR:46}”。",
story_556,story,035881,24,"なつみ「つぎの あいては
    ”{VAR:46}”。",
story_557,story,035899,30,"なつみ「じゅんけっしょうの あいては
    ”{VAR:46}”。",
story_558,story,0358B7,33,"なつみ「けっしょうの あいては
    ”ぜんべい”チーム。",
story_559,story,0358D8,38,"なつみ「こんかいから ネオスタジアムでの
    ゲームに なるわ。",
story_560,story,0358FE,25,なつみ「やまださん せこいこと しないでね。,
story_561,story,035917,17,なつみ「ガンガン いってね。,
story_562,story,035928,49,"なつみ「こんどは おんなのこのいる チームよ。
    あら やまださんが いない・・・。",
story_563,story,035959,49,"なつみ「まさか うちが けっしょうまでくるとは
    おもわなかったね。 ガンバロね。",
story_564,story,03598A,26,なつみ「げんき げんきでいこーね! みんな!,
story_565,story,0359A4,38,"なつみ「ほんきだせば つよいんだから 
    ぜったいかてるよ!",
story_566,story,0359CA,8,なつみ「ハイ!,
story_567,story,0359D2,13,なつみ「{VAR:45} ですか{PAUSE},
story_568,story,0359DF,24,なつみ「{VAR:42}さん。 これ つかってください。,
story_569,story,0359F7,17,なつみ「みんな これどうぞ!,
story_570,story,035A08,25,"さゆり「さいしょの あいては
    ”{VAR:46}”。",
story_571,story,035A21,24,"さゆり「つぎの あいては
    ”{VAR:46}”。",
story_572,story,035A39,30,"さゆり「じゅんけっしょうの あいては
    ”{VAR:46}”。",
story_573,story,035A57,33,"さゆり「けっしょうの あいては
    ”ぜんべい”チーム。",
story_574,story,035A78,40,"さゆり「これから ネオスタジアムに ばしょが
    かわるそうです。",
story_575,story,035AA0,45,"さゆり「おんなのこが やきゅうだなんて・・・
    しんじられないわ。 あたし。",
story_576,story,035ACD,24,さゆり「みなさん がんばって ください。,
story_577,story,035AE5,24,さゆり「みなさんの ちから しんじています。,
story_578,story,035AFD,45,"さゆり「こころを ひとつにすれば けっして
    まけることは ないと おもいます。",
story_579,story,035B2A,41,"さゆり「・・・けっしょう ですね。
    なにも いうことは ありませんわ。",
story_580,story,035B53,45,"さゆり「うちは しゅびの チーム・・・。
    せっせんに もちこめば かてます。",
story_581,story,035B80,19,さゆり「はい。 ”ひうら”かんとく。,
story_582,story,035B93,13,さゆり「{VAR:45} ですね。,
story_583,story,035BA0,20,さゆり「{VAR:42}さん どうぞ これを。,
story_584,story,035BB4,20,さゆり「みなさん これを どうぞ。,
story_585,story,035BC8,23,"れみ「さいしょの あいては
   ”{VAR:46}”。",
story_586,story,035BDF,22,"れみ「つぎの あいては
   ”{VAR:46}”。",
story_587,story,035BF5,28,"れみ「じゅんけっしょうの あいては
   ”{VAR:46}”。",
story_588,story,035C11,31,"れみ「けっしょうの あいては
   ”ぜんべい”チーム。",
story_589,story,035C30,51,"れみ「あのう・・・こんどの しあいから べつの
   スタジアムに なるそうですから・・・。",
story_590,story,035C63,51,"れみ「やきゅうのできる ひとって かっこいいと
   おもいます。 がんばって くださいね。",
story_591,story,035C96,21,れみ「きっと・・・かって くれますよね{PAUSE},
story_592,story,035CAB,40,"れみ「みちこせんぱい! まいこちゃん!
   おとこのこに まけないでね。",
story_593,story,035CD3,41,"れみ「やきゅうって なにがあるか わからない。
   きをつけて ください。",
story_594,story,035CFC,48,"れみ「ついに ここまできたんですね。 やっぱり
   みちこせんぱいって すごいわ。",
story_595,story,035D2C,20,れみ「よいしあいを してくださいね。,
story_596,story,035D40,19,れみ「{VAR:42}さん。これを どうぞ。,
story_597,story,035D53,19,れみ「みなさん これを どうぞ。,
story_598,story,035D66,23,"あや「さいしょの あいては
   ”{VAR:46}”。",
story_599,story,035D7D,22,"あや「つぎの あいては
   ”{VAR:46}”。",
story_600,story,035D93,28,"あや「じゅんけっしょうの あいては
   ”{VAR:46}”。",
story_601,story,035DAF,33,"あや「けっしょうせんの あいては
   ”ぜんべい”チーム。",
story_602,story,035DD0,49,"あや「このしあいから ネオスタジアムという
   しんきゅうじょうで プレイになるのよ。",
story_603,story,035E01,38,"あや「みんな れいせいに プレイすれば
   かならず かてるわよ。",
story_604,story,035E27,26,あや「ひとつひとつ かんがえて プレイしてね。,
story_605,story,035E41,47,"あや「あいての こうどうを よくみれば
   ぜったい あなが みえてくるはずよ。",
story_606,story,035E70,31,"あや「これが さいごね。
   がんばってね・・・。",
story_607,story,035E8F,51,"あや「おんなのこがいるけど それは あまり
   かんがえずに たたかったほうが いいわ。",
story_608,story,035EC2,43,"あや「たいした あいてじゃないはずよ。
   まけることは かんがえないで!",
story_609,story,035EED,15,あや「はい! わかりました。,
story_610,story,035EFC,18,あや「{VAR:45} を つかうんですね。,
story_611,story,035F0E,17,あや「{VAR:42}くん はいっ これね。,
story_612,story,035F1F,19,あや「みんな! これを つかってね。,
story_613,story,035F32,26,"しのぶ「さいしょの あいては
    ”{VAR:46}”。",
story_614,story,035F4C,25,"しのぶ「つぎの あいては
    ”{VAR:46}”。",
story_615,story,035F65,31,"しのぶ「じゅんけっしょうの あいては
    ”{VAR:46}”。",
story_616,story,035F84,36,"しのぶ「けっしょうせんの あいては
    ”ぜんべい”チーム。",
story_617,story,035FA8,47,"しのぶ「これからいく ネオスタジアムは 
    いままでのとこより ひろいんだよ。",
story_618,story,035FD7,43,"しのぶ「あの ”さわむら”ってひと・・・
    なんか ただものじゃないね。",
story_619,story,036002,19,しのぶ「なんか まけるきしないね!,
story_620,story,036015,41,"しのぶ「きどうりょくなら うちのほうが うえ!
    まけっこ ないよ。",
story_621,story,03603E,19,しのぶ「いきおいよく かちたいね。,
story_622,story,036051,24,しのぶ「うちの やきゅうを みせてやろうよ!,
story_623,story,036069,51,"しのぶ「”けっしょう”だからって とくべつじゃ
    ないよ。 いつもと かわんないよね!",
story_624,story,03609C,27,しのぶ「いくよ! みんな! じゅんびはいいね!,
story_625,story,0360B7,9,しのぶ「はい!,
story_626,story,0360C0,14,しのぶ「{VAR:45} ですね!,
story_627,story,0360CE,18,しのぶ「{VAR:42}さん。 はい これ!,
story_628,story,0360E0,15,しのぶ「みんな! これね!,
story_629,story,0360EF,29,"クリッシイ「さいしょの あいては
      ”{VAR:46}”。",
story_630,story,03610C,28,"クリッシイ「つぎの あいては
      ”{VAR:46}”。",
story_631,story,036128,34,"クリッシイ「じゅんけっしょうの あいては
      ”{VAR:46}”。",
story_632,story,03614A,30,"クリッシイ「けっしょうの あいては
      ”{VAR:46}”。",
story_633,story,036168,42,"クリッシイ「このしあいから ”ネオスタジアム”
      で しあいです。",
story_634,story,036192,36,"クリッシイ「にほんの チームは いがいと
      つよいです。",
story_635,story,0361B6,48,"クリッシイ「パワーで おせば かてるの{PAUSE}
      もうすこし かんがえましょうよ!",
story_636,story,0361E6,49,"クリッシイ「えっ{PAUSE} ”さわむら”って おんな
      なのですね。 しんじられない・・。",
story_637,story,036217,48,"クリッシイ「どのチームも ゆだんは きんもつ。
      しんちょうに いきましょうね!",
story_638,story,036247,43,"クリッシイ「これにかてば ほんとうに
      せかいいちに なれるんですね。",
story_639,story,036272,10,クリッシイ「はい!,
story_640,story,03627C,15,クリッシイ「{VAR:45} ですね!,
story_641,story,03628B,16,クリッシイ「{VAR:42} どうぞ!,
story_642,story,03629B,19,クリッシイ「みなさん! どうぞ!,
story_643,story,0362AE,5,「{VAR:42}は,
story_644,story,0362B3,6,「みんなは,
story_645,story,0362B9,13,「”{VAR:45}”を つかった。,
story_646,story,0362C6,14,「”{VAR:45}”を みにつけた。,
story_647,story,0362D4,14,「”{VAR:45}”を はめてみた。,
story_648,story,0362E2,14,「”{VAR:45}”を はいてみた。,
story_649,story,0362F0,16,「”{VAR:45}”を にぎってみた。,
story_650,story,036300,13,「”{VAR:45}”を のんだ。,
story_651,story,03630D,11,「”{VAR:45}”を みた。,
story_652,story,036318,21,「”りきのゆうじょう”を たしかめた。,
story_653,story,03632D,32,"「こいつは ”かたい”ぞ!
 だりょくが アップした。",
story_654,story,03634D,34,"「みなぎる パワー!
 だりょくが かなり アップした。",
story_655,story,03636F,36,"「いつもより うてる きがする。
 ミートりょくが アップした。",
story_656,story,036393,49,"「これは とっても つかいやすい バットだね!
 ミートりょくが すごく アップした。",
story_657,story,0363C4,48,"「バントくんが ちうちう すいつく!
 ちからが ぬけて バントが しやすくなった。",
story_658,story,0363F4,46,"「まばゆい ひかりが {VAR:42}をつつむ!
 ”だげきのかみさま”と ひとつに なった。",
story_659,story,036422,46,"「ミラクルロッドは ぶきみに ほほえむ!
 あいての チームは ブルッと ふるえた。",
story_660,story,036450,38,"「おまえは チャンスに つよいのだ!
 {VAR:42}は あんじに かけられた。",
story_661,story,036476,44,"「ああ! こみあげる じょうねつ!
 ストレートに おもいを ぶつけたくなった!",
story_662,story,0364A2,46,"「べらんめえ! まがったことは だいきらいだ!
 {VAR:42}は へんかに つよくなった。",
story_663,story,0364D0,40,"「よいこは きほんに ちゅうじつだ!
 しゅびりょくが アップした。",
story_664,story,0364F8,39,"「こ・これは すごい!
 しゅびりょくが すばらしく アップした。",
story_665,story,03651F,44,"「グラブの オーラが からだを まもる!
 うたれづよさが アップした。",
story_666,story,03654B,37,"「あああああああ! イライラする!
 せんとうりょくが アップした。",
story_667,story,036570,42,"「おおっ! てにピッタリ ジャストフィットだ!
 {VAR:42}は きように なった。",
story_668,story,03659A,54,"「ああ・・だれかが とおくで ささやいている。
 ・・・さいみんこうかで どこでも まもれる!",
story_669,story,0365D0,30,"「ナイスな バランス!
 コントロールが よくなった!",
story_670,story,0365EE,38,"「かがくの ちからだ!
 うむを いわさず きゅういが アップ!",
story_671,story,036614,39,"「かがくの しんぽだ!
 わけも わからず きゅういが アップ!",
story_672,story,03663B,33,"「あしが かるくなった きがする。
 そうりょく アップ!",
story_673,story,03665C,32,"「{VAR:42}は かぜと ひとつになった!
 そうりょく アップ!",
story_674,story,03667C,47,"「シューズの オーラが からだを まもる!
 そうるいぼうぎょは バッチリだ!",
story_675,story,0366AB,41,"「シューズが きつくて イライラする!
 せんとうりょくが アップした。",
story_676,story,0366D4,43,"「りきの きもちが みんなに つたわる!
 チームの きりょくが かいふくだ!",
story_677,story,0366FF,41,"「うっ!・・・・・・おおおっ!{PAUSE}
 たいりょくが あるていど かいふくした!",
story_678,story,036728,48,"「かいしんの えがおで てんを ゆびさす!
 たいりょくは かんぜんに かいふくした!",
story_679,story,036758,47,"「うん・・・じみだが たしかに きいている!
 チームの たいりょくは かいふくした!",
story_680,story,036787,35,"「うん!うん! ニコ!ニコ!
 きりょくが すこし かいふくした。",
story_681,story,0367AA,31,"「やめてよ!・・・。
 ・・・きりょくを うしなった・・・。",
story_682,story,0367C9,48,"「こ・これだ! もえあがる せいめいりょく!!
 きりょくは かんぜん かいふくだ!!",
story_683,story,0367F9,29,"「・・・・・・!
 ・・・きりょくを うしなった・・・。",
story_684,story,036816,44,"「はこの なかから せいなる ひかりが・・・
 けんこうじょうたい かいふくだ!",
story_685,story,036842,43,"「はっ!{PAUSE} なにものかに しゅごされた!
 けがを するきが まったくしない!",
story_686,story,03686D,44,"「ゴッドな ひかりが こころを てらす!
 あくが きえさり うんがよくなる",
story_687,story,036899,25,「”おしだし”で ランナーが かえります。,
story_688,story,0368B2,14,「これは ファールフライ。,
story_689,story,0368C0,11,「ファール です。,
story_690,story,0368CB,20,「おっと スリーバント しっぱい!,
story_691,story,0368DF,22,「ランナーが かさなって しまいました。,
story_692,story,0368F5,35,"「きあいの いちげき! {VAR:42}せんしゅの
 どうてん ホームラン!",
story_693,story,036918,18,「{VAR:46}チーム いっきに いきます!,
name_set6_000,name_set6,03098F,9,ねっけつこうこう,
name_set6_001,name_set6,030998,10,はなぞのこうこう,
name_set6_002,name_set6,0309A2,10,ほうりょうこうこう,
name_set6_003,name_set6,0309AC,16,きりさめじつぎょうこうこう,
name_set6_004,name_set6,0309BC,15,はくたかこうぎょうこうこう,
name_set6_005,name_set6,0309CB,10,れいほうがくえん,
name_set6_006,name_set6,0309D5,17,あいぜんしょうぎょうこうこう,
name_set6_007,name_set6,0309E6,9,めいあんこうこう,
name_set6_008,name_set6,0309EF,13,こくりゅうざんこうこう,
name_set6_009,name_set6,0309FC,17,ゆめぞのしょうぎょうこうこう,
name_set6_010,name_set6,030A0D,9,たにはなこうこう,
name_set6_011,name_set6,030A16,10,はっとりがくえん,
name_set6_012,name_set6,030A20,7,ぜんべい,
fullname_000,fullname,030F13,14,すがた さんじゅうろう,
fullname_001,fullname,030F21,11,いちじょう はやと,
fullname_002,fullname,030F2C,8,ななせ はるか,
fullname_003,fullname,030F34,10,たちばな たつみ,
fullname_004,fullname,030F3E,9,あかい しんご,
fullname_005,fullname,030F47,12,かげたに さぶろう,
fullname_006,fullname,030F53,9,とどろき ゆう,
fullname_007,fullname,030F5C,12,かざまつり れいじ,
fullname_008,fullname,030F68,9,はまさき ゆきお,
fullname_009,fullname,030F71,10,たかみね のぼる,
fullname_010,fullname,030F7B,10,もりもと けんいち,
fullname_011,fullname,030F85,9,さえき じゅん,
fullname_012,fullname,030F8E,11,みどりむら まさる,
fullname_013,fullname,030F99,9,にった いしまつ,
fullname_014,fullname,030FA2,4,くにお,
fullname_015,fullname,030FA6,7,際際(0F),
fullname_016,fullname,030FAD,9,さおとめ ひかる,
fullname_017,fullname,030FB6,9,よしの みつあき,
fullname_018,fullname,030FBF,10,わしお しゅうじ,
fullname_019,fullname,030FC9,9,さめじま りき,
fullname_020,fullname,030FD2,9,まえだ とおる,
fullname_021,fullname,030FDB,10,いしやま かんじ,
fullname_022,fullname,030FE5,10,くらた だいご,
fullname_023,fullname,030FEF,10,しみず こういち,
fullname_024,fullname,030FF9,11,みたむら しんぱち,
fullname_025,fullname,031004,11,こんどう いっかく,
fullname_026,fullname,03100F,8,あらい しんた,
fullname_027,fullname,031017,8,ごう ひさし,
fullname_028,fullname,03101F,9,なかむら なおき,
fullname_029,fullname,031028,8,しらい まこと,
fullname_030,fullname,031030,7,際際(1E),
fullname_031,fullname,031037,7,際際(1F),
fullname_032,fullname,03103E,11,だて ゆうじろう,
fullname_033,fullname,031049,9,しのはら まきと,
fullname_034,fullname,031052,9,おおしま たいち,
fullname_035,fullname,03105B,11,むらさき こじろう,
fullname_036,fullname,031066,12,つじどう まさむね,
fullname_037,fullname,031072,9,なかにし はるな,
fullname_038,fullname,03107B,10,ごうだ つよし,
fullname_039,fullname,031085,11,わかばやし もりお,
fullname_040,fullname,031090,7,ほし たかし,
fullname_041,fullname,031097,12,たけだ ふういちろう,
fullname_042,fullname,0310A3,11,もりわき だいさく,
fullname_043,fullname,0310AE,10,あまのかわ りょう,
fullname_044,fullname,0310B8,11,なかじま かずま,
fullname_045,fullname,0310C3,12,おがさわら きんじ,
fullname_046,fullname,0310CF,8,なみき つよし,
fullname_047,fullname,0310D7,7,際際(2F),
fullname_048,fullname,0310DE,12,あおた じゅうぞう,
fullname_049,fullname,0310EA,13,かじもと けいいちろう,
fullname_050,fullname,0310F7,9,のぐち うこん,
fullname_051,fullname,031100,11,おぐま ひでじ,
fullname_052,fullname,03110B,10,かんぬき じょう,
fullname_053,fullname,031115,9,おおおか みつる,
fullname_054,fullname,03111E,13,こぶちざわ よしろう,
fullname_055,fullname,03112B,10,さくら きんたろう,
fullname_056,fullname,031135,10,はなだ みちつな,
fullname_057,fullname,03113F,10,かざおか しろう,
fullname_058,fullname,031149,10,こだち せいじ,
fullname_059,fullname,031153,7,すや なおき,
fullname_060,fullname,03115A,7,際際(3C),
fullname_061,fullname,031161,7,際際(3D),
fullname_062,fullname,031168,7,際際(3E),
fullname_063,fullname,03116F,7,際際(3F),
fullname_064,fullname,031176,8,おうじ けん,
fullname_065,fullname,03117E,10,みたらい たけふみ,
fullname_066,fullname,031188,10,さわぐち やすお,
fullname_067,fullname,031192,10,にしむら なりたか,
fullname_068,fullname,03119C,11,けんどう かずお,
fullname_069,fullname,0311A7,9,せんたに ふみや,
fullname_070,fullname,0311B0,9,たけうち しんや,
fullname_071,fullname,0311B9,12,なんば やすいちろう,
fullname_072,fullname,0311C5,9,かど てるあき,
fullname_073,fullname,0311CE,10,ねだち かつゆき,
fullname_074,fullname,0311D8,11,せきがわ じゅん,
fullname_075,fullname,0311E3,7,際際(4B),
fullname_076,fullname,0311EA,7,際際(4C),
fullname_077,fullname,0311F1,7,際際(4D),
fullname_078,fullname,0311F8,7,際際(4E),
fullname_079,fullname,0311FF,7,際際(4F),
fullname_080,fullname,031206,10,もちづき しゅん,
fullname_081,fullname,031210,10,はやさか りょうま,
fullname_082,fullname,03121A,10,こばやし まさお,
fullname_083,fullname,031224,11,はっとり りゅういち,
fullname_084,fullname,03122F,11,はっとり りゅうじ,
fullname_085,fullname,03123A,10,おにづか たかし,
fullname_086,fullname,031244,10,きのした ただし,
fullname_087,fullname,03124E,9,たいら きよふみ,
fullname_088,fullname,031257,11,おとなし きょうすけ,
fullname_089,fullname,031262,10,ごとう せいじ,
fullname_090,fullname,03126C,11,くにたち こうしろう,
fullname_091,fullname,031277,7,際際(5B),
fullname_092,fullname,03127E,7,際際(5C),
fullname_093,fullname,031285,7,際際(5D),
fullname_094,fullname,03128C,7,際際(5E),
fullname_095,fullname,031293,7,際際(5F),
fullname_096,fullname,03129A,9,こうだ まさみ,
fullname_097,fullname,0312A3,10,さんぼう かねと,
fullname_098,fullname,0312AD,10,すみよし としひろ,
fullname_099,fullname,0312B7,10,おおぐろ すなお,
fullname_100,fullname,0312C1,9,かみやま はやと,
fullname_101,fullname,0312CA,11,つるかめ ちょうすけ,
fullname_102,fullname,0312D5,9,かみや ひでき,
fullname_103,fullname,0312DE,8,あいだ りん,
fullname_104,fullname,0312E6,9,うめみや ふとし,
fullname_105,fullname,0312EF,9,たけした あたる,
fullname_106,fullname,0312F8,10,まつおか ばんり,
fullname_107,fullname,031302,7,際際(6B),
fullname_108,fullname,031309,7,際際(6C),
fullname_109,fullname,031310,7,際際(6D),
fullname_110,fullname,031317,7,際際(6E),
fullname_111,fullname,03131E,7,際際(6F),
fullname_112,fullname,031325,9,いわき こうじ,
fullname_113,fullname,03132E,8,とのやま ゆう,
fullname_114,fullname,031336,10,やまおか いそろく,
fullname_115,fullname,031340,9,やまだ たいき,
fullname_116,fullname,031349,9,いしげ たけお,
fullname_117,fullname,031352,10,たこた しょういち,
fullname_118,fullname,03135C,12,かみしま ぜんぞう,
fullname_119,fullname,031368,9,きだ まなぶ,
fullname_120,fullname,031371,9,さとなか さとし,
fullname_121,fullname,03137A,12,なぎさ ようじろう,
fullname_122,fullname,031386,10,たかしろ けんご,
fullname_123,fullname,031390,7,際際(7B),
fullname_124,fullname,031397,7,際際(7C),
fullname_125,fullname,03139E,7,際際(7D),
fullname_126,fullname,0313A5,7,際際(7E),
fullname_127,fullname,0313AC,7,際際(7F),
fullname_128,fullname,0313B3,9,にし しゅういち,
fullname_129,fullname,0313BC,10,せのお かずいち,
fullname_130,fullname,0313C6,11,やぶない たかのり,
fullname_131,fullname,0313D1,10,やざわ えいいち,
fullname_132,fullname,0313DB,8,つるぎ しん,
fullname_133,fullname,0313E3,9,マイク ヘンリー,
fullname_134,fullname,0313EC,9,しゅう としひろ,
fullname_135,fullname,0313F5,8,もりた たけし,
fullname_136,fullname,0313FD,9,むらた ももじ,
fullname_137,fullname,031406,7,際際(89),
fullname_138,fullname,03140D,7,際際(8A),
fullname_139,fullname,031414,7,際際(8B),
fullname_140,fullname,03141B,7,際際(8C),
fullname_141,fullname,031422,7,際際(8D),
fullname_142,fullname,031429,7,際際(8E),
fullname_143,fullname,031430,7,際際(8F),
fullname_144,fullname,031437,9,やぶき しょう,
fullname_145,fullname,031440,8,キム ヨンチェ,
fullname_146,fullname,031448,12,はせがわ だいさく,
fullname_147,fullname,031454,11,よいち きゅうどう,
fullname_148,fullname,03145F,10,まゆづき ひろし,
fullname_149,fullname,031469,9,さわむら みちこ,
fullname_150,fullname,031472,9,うんの たつひと,
fullname_151,fullname,03147B,12,いずみやま たけひさ,
fullname_152,fullname,031487,13,ながぶち きゅういち,
fullname_153,fullname,031494,8,そらち まいこ,
fullname_154,fullname,03149C,13,だいもんじ ごろう,
fullname_155,fullname,0314A9,11,よこやま かずとし,
fullname_156,fullname,0314B4,11,なかつ えいいちろう,
fullname_157,fullname,0314BF,7,際際(9E),
fullname_158,fullname,0314C6,7,際際(9F),
fullname_159,fullname,0314CD,7,際際(9F),
fullname_160,fullname,0314D4,10,おおつか こうじ,
fullname_161,fullname,0314DE,8,やら ひろまさ,
fullname_162,fullname,0314E6,10,よこお ひでゆき,
fullname_163,fullname,0314F0,10,ごだい すすむ,
fullname_164,fullname,0314FA,10,ほくと げんいち,
fullname_165,fullname,031504,11,とよだ あきのぶ,
fullname_166,fullname,03150F,11,よしだ しゅうへい,
fullname_167,fullname,03151A,11,ひゅうが えいじ,
fullname_168,fullname,031525,10,みさわ きょういち,
fullname_169,fullname,03152F,11,さかもと ひであき,
fullname_170,fullname,03153A,7,際際(AB),
fullname_171,fullname,031541,7,際際(AC),
fullname_172,fullname,031548,7,際際(AD),
fullname_173,fullname,03154F,7,際際(AE),
fullname_174,fullname,031556,7,際際(AF),
fullname_175,fullname,03155D,7,際際(AF),
fullname_176,fullname,031564,10,もちづき つかさ,
fullname_177,fullname,03156E,10,にのくるわ やすけ,
fullname_178,fullname,031578,9,やまもと かんた,
fullname_179,fullname,031581,13,いがさき えいじゅん,
fullname_180,fullname,03158E,9,きど はずき,
fullname_181,fullname,031597,10,さなだ らんまる,
fullname_182,fullname,0315A1,8,たらお むさし,
fullname_183,fullname,0315A9,9,こうやま たもつ,
fullname_184,fullname,0315B2,11,みくも きょうしろう,
fullname_185,fullname,0315BD,9,つげ らいじ,
fullname_186,fullname,0315C6,10,さだ とびまる,
fullname_187,fullname,0315D0,7,せき きいち,
fullname_188,fullname,0315D7,7,際際(BD),
fullname_189,fullname,0315DE,7,際際(BE),
fullname_190,fullname,0315E5,7,際際(BF),
fullname_191,fullname,0315EC,7,際際(BF),
fullname_192,fullname,0315F3,11,クリート ボウマン,
fullname_193,fullname,0315FE,10,オビー テイラー,
fullname_194,fullname,031608,14,ゴードン バーバー,
fullname_195,fullname,031616,13,ブレット マスターズ,
fullname_196,fullname,031623,16,ゴーファー アンドリュース,
fullname_197,fullname,031633,9,ランス ターナー,
fullname_198,fullname,03163C,11,フラッシュ ハンター,
fullname_199,fullname,031647,13,ライアン サンダーズ,
fullname_200,fullname,031654,13,テューク オブライエン,
fullname_201,fullname,031661,12,ヒーター バーンズ,
fullname_202,fullname,03166D,11,トリー スナイダー,
fullname_203,fullname,031678,13,スライダー ドーリー,
fullname_204,fullname,031685,12,アレックス ハーパー,
fullname_205,fullname,031691,9,デニーマッケイ,
fullname_206,fullname,03169A,8,リッチ キーン,
fullname_207,fullname,0316A2,7,際際(CF),
staff_000,staff,031771,13,もけけ.SEKIMOTO,
staff_001,staff,03177E,11,S.TAKEUCHI,
staff_002,staff,031789,12,N.NISHIMURA,
staff_003,staff,031795,8,Y.NANBA,
staff_004,staff,03179D,7,B.SUYA,
staff_005,staff,0317A4,10,T.OBINATA,
staff_006,staff,0317AE,12,Y.MATSUMOTO,
staff_007,staff,0317BA,11,G.FUKUHARA,
staff_008,staff,0317C5,8,T.SAITO,
staff_009,staff,0317CD,10,M.YOSHIDA,
staff_010,staff,0317D7,8,Y.OKADA,
staff_011,staff,0317DF,7,H.SATO,
staff_012,staff,0317E6,11,I.KANAKUBO,
staff_013,staff,0317F1,9,T.NAMIKI,
staff_014,staff,0317FA,10,E.NAKATSU,
staff_015,staff,031804,8,K.OGATA,
staff_016,staff,03180C,9,M.SHIRAI,
staff_017,staff,031815,11,S.ISHIGURO,
staff_018,staff,031820,12,M.TANIGUCHI,
staff_019,staff,03182C,8,T.OZAWA,
staff_020,staff,031834,10,K.OKAMOTO,
staff_021,staff,03183E,7,T.MORI,
staff_022,staff,031845,11,K.NAKAMURA,
staff_023,staff,031850,10,K.NEDACHI,
staff_024,staff,03185A,11,J.SEKIKAWA,
staff_025,staff,031865,10,K.OHTSUKA,
staff_026,staff,03186F,12,T.IZUMIYAMA,
staff_027,staff,03187B,11,M.KATAGIRI,
staff_028,staff,031886,10,N.IMAGAWA,
staff_029,staff,031890,8,T.URABE,
staff_030,staff,031898,11,R.ASHWORTH,
staff_031,staff,0318A3,9,C.IIZUKA,
staff_032,staff,0318AC,10,K.KATAOKA,
staff_033,staff,0318B6,9,R.UEHARA,
staff_034,staff,0318BF,5,CUBE,
staff_035,staff,0318C4,11,M.KANAMONO,
staff_036,staff,0318CF,8,SHIRAKO,
staff_037,staff,0318D7,9,M.HOSAKA,
staff_038,staff,0318E0,12,DIRECTED BY,
staff_039,staff,0318EC,14,PROGRAMMED BY,
staff_040,staff,0318FA,16,B.G DESIGNED BY,
staff_041,staff,03190A,22,CHARACTER DESIGNED BY,
staff_042,staff,031920,18,MUSIC COMPOSED BY,
staff_043,staff,031932,16,S.E COMPOSED BY,
staff_044,staff,031942,20,SOUND PROGRAMMED BY,
staff_045,staff,031956,26,PACKAGE ILLUSTRATIONED BY,
staff_046,staff,031970,18,SPECIAL THANKS TO,
staff_047,staff,031982,6,STAFF,
staff_048,staff,031988,12,PRODUCED BY,
staff_049,staff,031994,14,TECHNOS JAPAN,
school_000,school,0319D6,5,ねっけつ,
school_001,school,0319DB,6,はなぞの,
school_002,school,0319E1,6,ほうりょう,
school_003,school,0319E7,5,きりさめ,
school_004,school,0319EC,5,はくたか,
school_005,school,0319F1,5,れいほう,
school_006,school,0319F6,6,あいぜん,
school_007,school,0319FC,5,めいあん,
school_008,school,031A01,9,こくりゅうざん,
school_009,school,031A0A,6,ゆめぞの,
school_010,school,031A10,6,たにばな,
school_011,school,031A16,5,はっとり,
school_012,school,031A1B,7,ぜんべい,
